station,rang,nom_intervenant,num_site,secteur_scian,municipalite,debit_etiage_m3s,volume_annuel_moyen_Mm3,premiere_annee,derniere_annee,debit_mois_01_m3s,debit_mois_02_m3s,debit_mois_03_m3s,debit_mois_04_m3s,debit_mois_05_m3s,debit_mois_06_m3s,debit_mois_07_m3s,debit_mois_08_m3s,debit_mois_09_m3s,debit_mois_10_m3s,debit_mois_11_m3s,debit_mois_12_m3s
011508,1,MUNICIPALITÉ DE LAC-AU-SAUMON,51736.0,Réseaux d'aqueduc & systèmes d'irrigation,Lac-au-Saumon,0.0014996802817602546,0.04574564,2020.0,2022.0,0.0012828573028673834,0.0034441322865353037,0.001410383064516129,0.0014245818494776827,0.001370101419824202,0.0014972497605363986,0.0014996802817602546,0.0013381388557015797,0.0012333580779054917,0.0011662120636590308,0.0011824016203703703,0.001166573460701485
011508,2,Municipalité de la paroisse de Saint-Alexandre-des-Lacs,51807.0,Réseaux d'aqueduc & systèmes d'irrigation,Saint-Alexandre-des-Lacs,7.86850358422939e-05,0.0024216,2024.0,2024.0,7.263664874551971e-05,7.161458333333333e-05,8.434139784946236e-05,7.372685185185185e-05,7.694892473118279e-05,8.096064814814815e-05,6.989247311827958e-05,7.86850358422939e-05,8.107638888888889e-05,7.767697132616487e-05,7.291666666666667e-05,8.053315412186379e-05
011509,1,MUNICIPALITÉ DE LAC-AU-SAUMON,51736.0,Réseaux d'aqueduc & systèmes d'irrigation,Lac-au-Saumon,0.0014996802817602546,0.04574564,2020.0,2022.0,0.0012828573028673834,0.0034441322865353037,0.001410383064516129,0.0014245818494776827,0.001370101419824202,0.0014972497605363986,0.0014996802817602546,0.0013381388557015797,0.0012333580779054917,0.0011662120636590308,0.0011824016203703703,0.001166573460701485
011509,2,CLUB DE GOLF REVERMONT (1984) INC.,57552.0,Terrains de golf & country clubs,Amqui,0.0012744304166666667,0.0073308492000000005,2020.0,2024.0,0.0,0.0,0.0,0.0,0.0006875416666666667,0.0010688810770917681,0.0012744304166666667,0.0011060403703703704,0.0011392452991452991,0.000921875,0.0,0.0
011509,3,Municipalité de la paroisse de Saint-Alexandre-des-Lacs,51807.0,Réseaux d'aqueduc & systèmes d'irrigation,Saint-Alexandre-des-Lacs,7.86850358422939e-05,0.0024216,2024.0,2024.0,7.263664874551971e-05,7.161458333333333e-05,8.434139784946236e-05,7.372685185185185e-05,7.694892473118279e-05,8.096064814814815e-05,6.989247311827958e-05,7.86850358422939e-05,8.107638888888889e-05,7.767697132616487e-05,7.291666666666667e-05,8.053315412186379e-05
020602,1,VILLE DE  GASPÉ,61000.0,Réseaux d'aqueduc & systèmes d'irrigation,Gaspé,0.006598611111111111,0.14069688,2020.0,2024.0,0.0032716509856630825,0.0034548598282703887,0.0029593749999999998,0.0035402893518518518,0.004685763888888889,0.00611650462962963,0.006182168458781362,0.006598611111111111,0.006217592592592592,0.004144466845878136,0.003538900462962963,0.0027344422043010753
021702,1,Municipalité de Saint-Ulric,51816.0,Réseaux d'aqueduc & systèmes d'irrigation,Saint-Ulric,0.00048533826164874546,0.01252095,2020.0,2024.0,0.000338788082437276,0.00033646859605911334,0.0003346214157706093,0.00034123842592592593,0.00039851030465949824,0.00044888888888888886,0.0004713037634408602,0.00048533826164874546,0.0004509490740740741,0.00039546370967741935,0.0003645486111111111,0.00038884408602150535
021915,1,MUNICIPALITÉ DE LA PAROISSE DE SAINT-DONAT,51810.0,Réseaux d'aqueduc & systèmes d'irrigation,Saint-Donat,0.0002584285394265233,0.004613265,2020.0,2022.0,0.00019892473118279572,0.0001632540965380405,0.0001383997909199522,0.00011754050925925925,0.00014211656212664278,0.0002768518518518518,0.0002584285394265233,0.00024246751792114695,0.0001522858796296296,0.0001441252240143369,0.00018324652777777778,0.00023177083333333334
021916,1,MUNICIPALITÉ DE LA PAROISSE DE SAINT-DONAT,51810.0,Réseaux d'aqueduc & systèmes d'irrigation,Saint-Donat,0.0002584285394265233,0.004613265,2020.0,2022.0,0.00019892473118279572,0.0001632540965380405,0.0001383997909199522,0.00011754050925925925,0.00014211656212664278,0.0002768518518518518,0.0002584285394265233,0.00024246751792114695,0.0001522858796296296,0.0001441252240143369,0.00018324652777777778,0.00023177083333333334
022003,1,9155-4253 Québec inc.,59198.0,Terrains de golf & country clubs,Rimouski,0.000625,0.008208,2020.0,2024.0,0.0,0.0,0.0,0.0,0.000625,0.000625,0.0006209677419354839,0.000625,0.0006291666666666667,0.000625,0.0,0.0
022003,2,9155-4253 Québec inc.,44324.0,Terrains de golf & country clubs,Rimouski,0.0006209677419354839,0.0081864,2020.0,2024.0,0.0,0.0,0.0,0.0,0.000625,0.000625,0.0006209677419354839,0.0006209677419354839,0.000625,0.000625,0.0,0.0
022301,1,VILLE DE TROIS-PISTOLES,68953.0,Réseaux d'aqueduc & systèmes d'irrigation,Notre-Dame-des-Neiges,0.0033113715277777777,0.088964742,2020.0,2020.0,0.0023943049955197134,0.0025763284243295018,0.002800273857526882,0.0025809068287037037,0.0028635002240143368,0.003396161458333333,0.0033113715277777777,0.003296072468637993,0.0029500810185185185,0.002586514896953405,0.0025192256944444446,0.002476340725806452
022301,2,VILLE DE TROIS-PISTOLES,59606.0,Réseaux d'aqueduc & systèmes d'irrigation,Notre-Dame-des-Neiges,0.0032155604558691754,0.082700501625,2021.0,2024.0,0.0022788454861111113,0.002239947932702176,0.0024961434531810033,0.002406777922453704,0.0027032045250896058,0.0030056772280092595,0.0031984283994175625,0.0032155604558691754,0.002895383246527778,0.002475133288530466,0.0023126741898148147,0.002190694164426523
022507,1,GROUPE COLAS QUÉBEC INC.,62786.0,"Extraction de sable, gravier, argile, etc.",Saint-Antonin,0.0,0.01152,2020.0,2020.0,0.0,0.0,0.0,0.0,0.005555555555555556,0.005555555555555556,0.0,0.0,0.0,0.0,0.0,0.0
022601,1,VILLE DE SAINT-PASCAL,52307.0,Réseaux d'aqueduc & systèmes d'irrigation,Saint-Pascal,0.002378281810035842,0.07188126,2020.0,2024.0,0.0021670474910394266,0.002167500085522715,0.002183299731182796,0.002043217592592592,0.002359968637992832,0.0024493402777777777,0.0021974574372759857,0.002378281810035842,0.0023004861111111112,0.0022248095878136197,0.0026018171296296297,0.002246594982078853
022601,2,MUNICIPALITÉ DE MONT-CARMEL,62463.0,Réseaux d'aqueduc & systèmes d'irrigation,Mont-Carmel,0.0005065524193548388,0.01339056,2020.0,2024.0,0.00037292786738351257,0.0004015077654625068,0.0004019825268817204,0.0003930555555555555,0.00044077060931899646,0.0005522337962962963,0.0005065524193548388,0.00046101030465949824,0.00039884259259259256,0.00041423611111111104,0.00036049768518518516,0.00038955906511350057
023004,1,Gestion Le Boyer inc.,45015.0,Terrains de golf & country clubs,Saint-Michel-de-Bellechasse,0.0015593082264957264,0.00636912,2020.0,2024.0,0.0,0.0,0.0,0.0,0.0010145833333333333,0.0013106896638486313,0.0015593082264957264,0.0013609375,0.0012769159226190476,0.0011434027777777777,0.0,0.0
023106,1,CIMENT QUÉBEC INC.,51854.0,Extraction de sable & de gravier,Saint-Raphaël,0.03323743386243387,0.264845,2020.0,2020.0,0.0,0.0,0.0,0.0,0.0,0.0,0.03323743386243387,0.02483883101851852,0.0240318287037037,0.018976034858387798,0.0,0.0
023106,2,VILLE DE MONTMAGNY,48839.0,Réseaux d'aqueduc & systèmes d'irrigation,Cap-Saint-Ignace,0.008698297491039427,0.25101204,2020.0,2024.0,0.007319545250896058,0.007800855654761904,0.00785619399641577,0.0075913657407407405,0.008214516129032259,0.0086703125,0.008698297491039427,0.008650638440860215,0.008413993055555557,0.007742551523297492,0.007264467592592592,0.0071805555555555555
023106,3,MUNICIPALITÉ DE L'ISLET,53722.0,Réseaux d'aqueduc & systèmes d'irrigation,L'Islet,0.002468066756272401,0.05842539,2020.0,2024.0,0.0018317428315412186,0.0017859105603448278,0.0018025425627240144,0.001771064814814815,0.0017735775089605735,0.0018096412037037035,0.002468066756272401,0.002016095430107527,0.0017367939814814815,0.0017687051971326164,0.0017643749999999999,0.0016659946236559143
023106,4,MUNICIPALITÉ DE SAINT- FRANÇOIS-DE-LA-RIVIÈRE-DU-SUD,48899.0,Réseaux d'aqueduc & systèmes d'irrigation,Saint-François-de-la-Rivière-du-Sud,0.0022709341397849463,0.0647625,2020.0,2024.0,0.0018525873655913978,0.0019684994184455394,0.0020135752688172043,0.0019116319444444443,0.002124910394265233,0.0022749652777777777,0.002235506272401434,0.0022709341397849463,0.0022039467592592592,0.002009643817204301,0.0018435416666666665,0.001899876792114695
023106,5,Club de golf Montmagny inc.,46459.0,Terrains de golf & country clubs,Montmagny,0.0010834677419354838,0.01252998,2020.0,2024.0,3.3602150537634406e-07,3.6945812807881775e-07,5.376344086021505e-07,0.00021131944444444445,0.0012425403225806452,0.0010417361111111111,0.0008106182795698926,0.0010834677419354838,0.0002640277777777778,7.143817204301075e-05,4.1666666666666667e-07,3.3602150537634406e-07
023106,6,Municipalité de Cap-Saint-Ignace,53200.0,Réseaux d'aqueduc & systèmes d'irrigation,Cap-Saint-Ignace,0.0009173499103942653,0.02702424,2020.0,2024.0,0.000779967517921147,0.00095440313697318,0.001018122759856631,0.0009753819444444443,0.0009497199820788528,0.0009498032407407406,0.0009173499103942653,0.0008176075268817205,0.0007350925925925925,0.0007558915770609319,0.0006845138888888888,0.0007478382616487455
023106,7,CIMENT QUÉBEC INC.,47601.0,Extraction de sable & de gravier,Saint-Raphaël,0.00040697969791872983,0.015642,2020.0,2023.0,0.00037662080548593705,0.00036016491960656907,0.00036084348924022837,0.00039004925749945856,0.000402918382736091,0.0004806685405643739,0.00040697969791872983,0.0003655741002689102,0.00041947406856261026,0.00036841380070546737,0.00045072813953022284,0.00043726490162037036
023106,8,9169-2087 QUÉBEC INC.,46099.0,Centres de ski,Notre-Dame-Auxiliatrice-de-Buckland,0.0,0.0072190584000000006,2020.0,2024.0,0.0016878766121031746,0.00025025,0.0,0.0,0.0,0.0,0.0,0.0,0.0,0.0,0.0024280826388888887,0.0025668607510288067
023303_01,1,MUNICIPALITÉ DE SAINT-ANSELME,48840.0,Réseaux d'aqueduc & systèmes d'irrigation,Saint-Anselme,0.007947289426523297,0.24340836,2020.0,2024.0,0.00669312275985663,0.006964281438149972,0.007188620071684587,0.0069535879629629635,0.00681709229390681,0.01407744212962963,0.007947289426523297,0.00780062724014337,0.007796643518518519,0.007000336021505375,0.0068237847222222215,0.006546706989247313
023303_01,2,MUNICIPALITÉ DE SAINT-HENRI,52381.0,Réseaux d'aqueduc & systèmes d'irrigation,Saint-Henri,0.00375057123655914,0.10344138,2020.0,2024.0,0.002854435483870968,0.0029504874794745485,0.0029598902329749104,0.003054722222222222,0.003594354838709678,0.003748680555555556,0.00375057123655914,0.0036108422939068103,0.00340974537037037,0.0032996639784946243,0.0031663773148148154,0.002899641577060932
023303_01,3,MUNICIPALITÉ DE LAC-ETCHEMIN,51274.0,Réseaux d'aqueduc & systèmes d'irrigation,Lac-Etchemin,0.0031031637698634524,0.04593933,2020.0,2024.0,0.0029758426276655443,0.0029088010743341624,0.0029702719907407408,0.0030371063542938546,0.002810637125220459,0.003029673210079597,0.0031031637698634524,0.002818805839831059,0.0029800541978276356,0.0027809260213166463,0.0027238043727106226,0.0030736906245760415
023303_01,4,PAVAGES ABENAKIS LTEE,46195.0,Extraction de pierre,Saint-Léon-de-Standon,0.002625,0.01351728,2020.0,2024.0,0.0,0.0,0.0,0.0,0.0010500000000000002,0.002625,0.002625,0.002625,0.002625,0.002625,0.0010500000000000002,0.0
023303_01,5,IPL North America inc.,44088.0,Fab. de tous les autres produits en plastique,Saint-Damien-de-Buckland,0.0016784647550776583,0.034814,2020.0,2024.0,0.0007981949857136536,0.0008519345238095239,0.0007999551971326164,0.0007416666666666667,0.001125,0.0017193347953216372,0.0016784647550776583,0.001548984468339307,0.0018188271604938273,0.0012601553166069295,0.000851929012345679,0.0006830143795869602
023303_01,6,Club de Golf coopératif de Lac Etchemin,44516.0,Terrains de golf & country clubs,Lac-Etchemin,0.0003008736559139785,0.00373158,2020.0,2024.0,0.0,0.0,0.0,7.638888888888889e-05,0.0002842741935483871,0.0002745138888888889,0.0003008736559139785,0.00016686827956989247,0.00022277777777777777,8.602150537634408e-05,0.0,0.0
023303_01,7,"MONT-ORIGNAL, COOPÉRATIVE DE SOLIDARITÉ",46106.0,Centres de ski,Lac-Etchemin,0.0,0.0263962,2023.0,2023.0,0.0028339307048984466,0.0,0.0,0.0,0.0,0.0,0.0,0.0,0.0,0.0,0.005993551587301588,0.005667898745519713
023401,1,SANIMAX ACI INC.,63052.0,Fonte graisse animale & transf. de viande carc.,Lévis,0.00924544504181601,0.2451716,2020.0,2024.0,0.007732900238948626,0.00709920634920635,0.007274118876941457,0.0073608796296296295,0.007865292712066905,0.00934483024691358,0.00924544504181601,0.00866905615292712,0.00769699074074074,0.007326986260454002,0.007411651234567901,0.0062225209080047795
023401,2,LES LAINAGES VICTOR LTÉE,63022.0,Finissage de textiles & de tissus,Saint-Victor,0.0056907108721624845,0.2000808,2020.0,2024.0,0.005198924731182796,0.00550664796569969,0.00600545101553166,0.00505162037037037,0.005197655316606929,0.005837191358024692,0.0056907108721624845,0.005556712962962963,0.005874382716049382,0.005242756869773,0.005192206790123457,0.004732128634010355
023401,3,Club de golf Le Royal Chaudière inc.,46679.0,Terrains de golf & country clubs,Lévis,0.004709008431085044,0.06410484720000001,2020.0,2024.0,0.0,0.0,0.0,0.0029124717592592594,0.004695342614183307,0.008069684027777777,0.004709008431085044,0.00465954552220231,0.004665868888888888,0.0014309173162299171,0.0,0.0
023401,4,VILLE DE BEAUCEVILLE,48836.0,Réseaux d'aqueduc & systèmes d'irrigation,Beauceville,0.0038656854838709674,0.1178872497,2020.0,2024.0,0.0036534732302867384,0.003576700619184456,0.0035310269937275985,0.003560008796296296,0.003970054771505376,0.004126031828703703,0.0038656854838709674,0.003817775649641577,0.003816296064814815,0.003685489135304659,0.0036705918981481483,0.0035537758736559144
023401,5,CLUB DE GOLF LOTBINIÈRE INC.,45004.0,Terrains de golf & country clubs,Saint-Gilles,0.003317219758064516,0.036848286,2020.0,2024.0,0.0,0.0,0.0,0.0,0.0027645336021505378,0.003656936805555556,0.003317219758064516,0.002526301075268817,0.001492165277777778,0.00016651747311827956,0.0,0.0
023401,6,CLUB DE GOLF LOTBINIÈRE INC.,67056.0,Terrains de golf & country clubs,Saint-Gilles,0.0024788165322580645,0.0220187196,2020.0,2024.0,0.0,0.0,0.0,0.0,0.0014457479838709678,0.002055772222222222,0.0024788165322580645,0.0018303010752688173,0.0004923958333333334,1.3440860215053764e-08,0.0,0.0
023401,7,GROUPE COLAS QUÉBEC INC.,63194.0,Extraction de pierre,Lévis,0.002364433990442055,0.0748216,2023.0,2024.0,0.002364433990442055,0.002409928902116402,0.002364433990442055,0.002378587962962963,0.002364433990442055,0.002378587962962963,0.002364433990442055,0.002364433990442055,0.002378587962962963,0.002364433990442055,0.002378587962962963,0.002364433990442055
023401,8,Club de golf St-Georges 1964,44437.0,Terrains de golf & country clubs,Saint-Georges,0.0020620501893939395,0.011036025,2021.0,2024.0,0.0,0.0,0.0,0.0003298611111111111,0.0020446180555555556,0.00205365147005772,0.002015125704887218,0.0020620501893939395,0.001673890128968254,0.0014453124999999998,0.0,0.0
023401,9,2973-9711 Québec inc.,45186.0,Terrains de golf & country clubs,Saint-Benoît-Labre,0.0019112457014176445,0.01337346684,2020.0,2024.0,0.0,0.0,0.0,0.00048606208333333334,0.0019594336359126984,0.0020687114271336553,0.001722980066287879,0.0019112457014176445,0.0016581264393939394,0.0008659798611111111,0.0,0.0
023401,10,PAVAGES ABENAKIS LTEE,47570.0,Extraction de pierre,Saint-Georges,0.0004833625228937729,0.00357104,2020.0,2024.0,0.0,0.0,0.0,0.00027014825837742504,0.0003866588490903184,0.000483340627351044,0.0004833442644032922,0.0004833625228937729,0.0004833661265432099,0.0004833181173704049,0.0004833420386198163,0.0
023401,11,COOPÉRATIVE DE SOLIDARITÉ DU CLUB DE GOLF DU LAC MÉGANTIC,47842.0,Terrains de golf & country clubs,Frontenac,0.0004584005376344086,0.0043393275,2020.0,2024.0,0.0,0.0,0.0,0.0,0.00021848958333333334,0.0003254774305555556,0.0004584005376344086,0.0004038390456989247,0.0002023003472222222,2.892921146953405e-05,0.0,0.0
023401,12,Les Produits Forestiers D&G Ltée,73746.0,Scieries & préservation du bois,Saint-Côme--Linière,0.0002688483796296296,0.0056814595750000006,2023.0,2024.0,0.00024895457175925926,0.00028761944444444443,0.0002455844907407407,0.00025252893518518517,0.0002765451388888889,0.00028198495370370367,0.0002688483796296296,0.0002208738425925926,0.00023366319444444443,0.00021392939814814815,0.00018777199074074074,0.00024894097222222223
023401,13,VILLE DE SAINT-GEORGES,46107.0,Centres de ski,Saint-Georges,0.0,0.00077283,2020.0,2024.0,0.00010865618908382066,7.002314814814816e-06,0.0,0.0,0.0,0.0,0.0,0.0,0.0,1.0300925925925926e-05,0.0002138773148148148,0.00031860828857356637
023402,1,Corporation internationale Masonite,54700.0,Usines de placages & contreplaqués de feuillus,Lac-Mégantic,0.02667084826762246,0.4904666,2020.0,2024.0,0.005449522102747909,0.0049994840129538405,0.004550328554360812,0.020980324074074075,0.02533191457586619,0.025331867283950614,0.02667084826762246,0.02533191457586619,0.021315046296296297,0.012227374551971325,0.006907021604938271,0.006907123655913979
023402,2,CONCORBEC INC.,44069.0,Extraction de sable & de gravier,Vallée-Jonction,0.01792882655531348,0.13633636,2020.0,2024.0,0.0,0.0,0.0,0.0,0.017176029905810675,0.016311356554967665,0.01792882655531348,0.017355739822163433,0.01703408521303258,0.013755636223344558,0.013069782021604939,0.0
023402,3,VILLE DE SAINT-GEORGES,48841.0,Réseaux d'aqueduc & systèmes d'irrigation,Saint-Georges,0.01789984318996416,0.52850886,2020.0,2024.0,0.015727867383512544,0.0159340936302682,0.016087757616487453,0.016064756944444446,0.01785350582437276,0.01829736111111111,0.01789984318996416,0.017499843189964157,0.01705422453703704,0.01626948924731183,0.016155092592592592,0.01600047043010753
023402,4,AGROPUR COOPÉRATIVE,45491.0,Fab. de produits laitiers,Beauceville,0.017852075866188772,0.4332806,2020.0,2024.0,0.012449970131421744,0.01264709051724138,0.011783452807646356,0.014348611111111109,0.012841865790521706,0.012996682098765432,0.017852075866188772,0.014315860215053766,0.01060733024691358,0.0168950119474313,0.01388047839506173,0.013984094982078855
023402,5,VILLE DE SAINTE-MARIE,63462.0,Réseaux d'aqueduc & systèmes d'irrigation,Sainte-Marie,0.00965011200716846,0.28051287,2020.0,2024.0,0.007691509856630825,0.007988584000410508,0.00803807123655914,0.008477453703703702,0.009782930107526882,0.009943842592592593,0.009464796146953405,0.00965011200716846,0.00977908564814815,0.009211133512544803,0.008851597222222223,0.007718010752688171
023402,6,SANIMAX ACI INC.,63052.0,Fonte graisse animale & transf. de viande carc.,Lévis,0.00924544504181601,0.2451716,2020.0,2024.0,0.007732900238948626,0.00709920634920635,0.007274118876941457,0.0073608796296296295,0.007865292712066905,0.00934483024691358,0.00924544504181601,0.00866905615292712,0.00769699074074074,0.007326986260454002,0.007411651234567901,0.0062225209080047795
023402,7,LES LAINAGES VICTOR LTÉE,63022.0,Finissage de textiles & de tissus,Saint-Victor,0.0056907108721624845,0.2000808,2020.0,2024.0,0.005198924731182796,0.00550664796569969,0.00600545101553166,0.00505162037037037,0.005197655316606929,0.005837191358024692,0.0056907108721624845,0.005556712962962963,0.005874382716049382,0.005242756869773,0.005192206790123457,0.004732128634010355
023402,8,Club de golf Le Royal Chaudière inc.,46679.0,Terrains de golf & country clubs,Lévis,0.004709008431085044,0.06410484720000001,2020.0,2024.0,0.0,0.0,0.0,0.0029124717592592594,0.004695342614183307,0.008069684027777777,0.004709008431085044,0.00465954552220231,0.004665868888888888,0.0014309173162299171,0.0,0.0
023402,9,VILLE DE BEAUCEVILLE,48836.0,Réseaux d'aqueduc & systèmes d'irrigation,Beauceville,0.0038656854838709674,0.1178872497,2020.0,2024.0,0.0036534732302867384,0.003576700619184456,0.0035310269937275985,0.003560008796296296,0.003970054771505376,0.004126031828703703,0.0038656854838709674,0.003817775649641577,0.003816296064814815,0.003685489135304659,0.0036705918981481483,0.0035537758736559144
023402,10,OLYMEL S.E.C.,44043.0,Abattage d'animaux (sauf les volailles),Vallée-Jonction,0.003612044504181601,0.1614075,2020.0,2023.0,0.006070321833930705,0.006890087632275132,0.006959752090800478,0.005615258487654321,0.004184214456391876,0.004191840277777778,0.0035156249999999997,0.003612044504181601,0.005473668981481482,0.005290938620071684,0.0058297646604938275,0.004146904189746932
023402,11,CLUB DE GOLF LOTBINIÈRE INC.,45004.0,Terrains de golf & country clubs,Saint-Gilles,0.003317219758064516,0.036848286,2020.0,2024.0,0.0,0.0,0.0,0.0,0.0027645336021505378,0.003656936805555556,0.003317219758064516,0.002526301075268817,0.001492165277777778,0.00016651747311827956,0.0,0.0
023402,12,CLUB DE GOLF LOTBINIÈRE INC.,67056.0,Terrains de golf & country clubs,Saint-Gilles,0.0024788165322580645,0.0220187196,2020.0,2024.0,0.0,0.0,0.0,0.0,0.0014457479838709678,0.002055772222222222,0.0024788165322580645,0.0018303010752688173,0.0004923958333333334,1.3440860215053764e-08,0.0,0.0
023402,13,GROUPE COLAS QUÉBEC INC.,63194.0,Extraction de pierre,Lévis,0.002364433990442055,0.0748216,2023.0,2024.0,0.002364433990442055,0.002409928902116402,0.002364433990442055,0.002378587962962963,0.002364433990442055,0.002378587962962963,0.002364433990442055,0.002364433990442055,0.002378587962962963,0.002364433990442055,0.002378587962962963,0.002364433990442055
023402,14,Club de Golf Sainte-Marie,44447.0,Terrains de golf & country clubs,Sainte-Marie,0.0021563172043010752,0.02529756,2020.0,2024.0,3.3602150537634406e-07,2.7901785714285716e-07,3.3602150537634406e-07,0.00040145833333333337,0.0014121639784946236,0.0019561805555555556,0.0021563172043010752,0.002004233870967742,0.0014236111111111112,0.00023519265232974912,2.604166666666667e-07,2.52016129032258e-07
023402,15,Club de golf St-Georges 1964,44437.0,Terrains de golf & country clubs,Saint-Georges,0.0020620501893939395,0.011036025,2021.0,2024.0,0.0,0.0,0.0,0.0003298611111111111,0.0020446180555555556,0.00205365147005772,0.002015125704887218,0.0020620501893939395,0.001673890128968254,0.0014453124999999998,0.0,0.0
023402,16,2973-9711 Québec inc.,45186.0,Terrains de golf & country clubs,Saint-Benoît-Labre,0.0019112457014176445,0.01337346684,2020.0,2024.0,0.0,0.0,0.0,0.00048606208333333334,0.0019594336359126984,0.0020687114271336553,0.001722980066287879,0.0019112457014176445,0.0016581264393939394,0.0008659798611111111,0.0,0.0
023402,17,PAVAGES ABENAKIS LTEE,47570.0,Extraction de pierre,Saint-Georges,0.0004833625228937729,0.00357104,2020.0,2024.0,0.0,0.0,0.0,0.00027014825837742504,0.0003866588490903184,0.000483340627351044,0.0004833442644032922,0.0004833625228937729,0.0004833661265432099,0.0004833181173704049,0.0004833420386198163,0.0
023402,18,COOPÉRATIVE DE SOLIDARITÉ DU CLUB DE GOLF DU LAC MÉGANTIC,47842.0,Terrains de golf & country clubs,Frontenac,0.0004584005376344086,0.0043393275,2020.0,2024.0,0.0,0.0,0.0,0.0,0.00021848958333333334,0.0003254774305555556,0.0004584005376344086,0.0004038390456989247,0.0002023003472222222,2.892921146953405e-05,0.0,0.0
023402,19,Les Produits Forestiers D&G Ltée,73746.0,Scieries & préservation du bois,Saint-Côme--Linière,0.0002688483796296296,0.0056814595750000006,2023.0,2024.0,0.00024895457175925926,0.00028761944444444443,0.0002455844907407407,0.00025252893518518517,0.0002765451388888889,0.00028198495370370367,0.0002688483796296296,0.0002208738425925926,0.00023366319444444443,0.00021392939814814815,0.00018777199074074074,0.00024894097222222223
023402,20,VILLE DE SAINT-GEORGES,46107.0,Centres de ski,Saint-Georges,0.0,0.00077283,2020.0,2024.0,0.00010865618908382066,7.002314814814816e-06,0.0,0.0,0.0,0.0,0.0,0.0,0.0,1.0300925925925926e-05,0.0002138773148148148,0.00031860828857356637
023403,1,Corporation internationale Masonite,54700.0,Usines de placages & contreplaqués de feuillus,Lac-Mégantic,0.02667084826762246,0.4904666,2020.0,2024.0,0.005449522102747909,0.0049994840129538405,0.004550328554360812,0.020980324074074075,0.02533191457586619,0.025331867283950614,0.02667084826762246,0.02533191457586619,0.021315046296296297,0.012227374551971325,0.006907021604938271,0.006907123655913979
023403,2,SANIMAX ACI INC.,63052.0,Fonte graisse animale & transf. de viande carc.,Lévis,0.00924544504181601,0.2451716,2020.0,2024.0,0.007732900238948626,0.00709920634920635,0.007274118876941457,0.0073608796296296295,0.007865292712066905,0.00934483024691358,0.00924544504181601,0.00866905615292712,0.00769699074074074,0.007326986260454002,0.007411651234567901,0.0062225209080047795
023403,3,LES LAINAGES VICTOR LTÉE,63022.0,Finissage de textiles & de tissus,Saint-Victor,0.0056907108721624845,0.2000808,2020.0,2024.0,0.005198924731182796,0.00550664796569969,0.00600545101553166,0.00505162037037037,0.005197655316606929,0.005837191358024692,0.0056907108721624845,0.005556712962962963,0.005874382716049382,0.005242756869773,0.005192206790123457,0.004732128634010355
023403,4,Club de golf Le Royal Chaudière inc.,46679.0,Terrains de golf & country clubs,Lévis,0.004709008431085044,0.06410484720000001,2020.0,2024.0,0.0,0.0,0.0,0.0029124717592592594,0.004695342614183307,0.008069684027777777,0.004709008431085044,0.00465954552220231,0.004665868888888888,0.0014309173162299171,0.0,0.0
023403,5,VILLE DE BEAUCEVILLE,48836.0,Réseaux d'aqueduc & systèmes d'irrigation,Beauceville,0.0038656854838709674,0.1178872497,2020.0,2024.0,0.0036534732302867384,0.003576700619184456,0.0035310269937275985,0.003560008796296296,0.003970054771505376,0.004126031828703703,0.0038656854838709674,0.003817775649641577,0.003816296064814815,0.003685489135304659,0.0036705918981481483,0.0035537758736559144
023403,6,CLUB DE GOLF LOTBINIÈRE INC.,45004.0,Terrains de golf & country clubs,Saint-Gilles,0.003317219758064516,0.036848286,2020.0,2024.0,0.0,0.0,0.0,0.0,0.0027645336021505378,0.003656936805555556,0.003317219758064516,0.002526301075268817,0.001492165277777778,0.00016651747311827956,0.0,0.0
023403,7,CLUB DE GOLF LOTBINIÈRE INC.,67056.0,Terrains de golf & country clubs,Saint-Gilles,0.0024788165322580645,0.0220187196,2020.0,2024.0,0.0,0.0,0.0,0.0,0.0014457479838709678,0.002055772222222222,0.0024788165322580645,0.0018303010752688173,0.0004923958333333334,1.3440860215053764e-08,0.0,0.0
023403,8,GROUPE COLAS QUÉBEC INC.,63194.0,Extraction de pierre,Lévis,0.002364433990442055,0.0748216,2023.0,2024.0,0.002364433990442055,0.002409928902116402,0.002364433990442055,0.002378587962962963,0.002364433990442055,0.002378587962962963,0.002364433990442055,0.002364433990442055,0.002378587962962963,0.002364433990442055,0.002378587962962963,0.002364433990442055
023403,9,Club de golf St-Georges 1964,44437.0,Terrains de golf & country clubs,Saint-Georges,0.0020620501893939395,0.011036025,2021.0,2024.0,0.0,0.0,0.0,0.0003298611111111111,0.0020446180555555556,0.00205365147005772,0.002015125704887218,0.0020620501893939395,0.001673890128968254,0.0014453124999999998,0.0,0.0
023403,10,2973-9711 Québec inc.,45186.0,Terrains de golf & country clubs,Saint-Benoît-Labre,0.0019112457014176445,0.01337346684,2020.0,2024.0,0.0,0.0,0.0,0.00048606208333333334,0.0019594336359126984,0.0020687114271336553,0.001722980066287879,0.0019112457014176445,0.0016581264393939394,0.0008659798611111111,0.0,0.0
023403,11,PAVAGES ABENAKIS LTEE,47570.0,Extraction de pierre,Saint-Georges,0.0004833625228937729,0.00357104,2020.0,2024.0,0.0,0.0,0.0,0.00027014825837742504,0.0003866588490903184,0.000483340627351044,0.0004833442644032922,0.0004833625228937729,0.0004833661265432099,0.0004833181173704049,0.0004833420386198163,0.0
023403,12,COOPÉRATIVE DE SOLIDARITÉ DU CLUB DE GOLF DU LAC MÉGANTIC,47842.0,Terrains de golf & country clubs,Frontenac,0.0004584005376344086,0.0043393275,2020.0,2024.0,0.0,0.0,0.0,0.0,0.00021848958333333334,0.0003254774305555556,0.0004584005376344086,0.0004038390456989247,0.0002023003472222222,2.892921146953405e-05,0.0,0.0
023403,13,Les Produits Forestiers D&G Ltée,73746.0,Scieries & préservation du bois,Saint-Côme--Linière,0.0002688483796296296,0.0056814595750000006,2023.0,2024.0,0.00024895457175925926,0.00028761944444444443,0.0002455844907407407,0.00025252893518518517,0.0002765451388888889,0.00028198495370370367,0.0002688483796296296,0.0002208738425925926,0.00023366319444444443,0.00021392939814814815,0.00018777199074074074,0.00024894097222222223
023403,14,VILLE DE SAINT-GEORGES,46107.0,Centres de ski,Saint-Georges,0.0,0.00077283,2020.0,2024.0,0.00010865618908382066,7.002314814814816e-06,0.0,0.0,0.0,0.0,0.0,0.0,0.0,1.0300925925925926e-05,0.0002138773148148148,0.00031860828857356637
023422,1,SANIMAX ACI INC.,63052.0,Fonte graisse animale & transf. de viande carc.,Lévis,0.00924544504181601,0.2451716,2020.0,2024.0,0.007732900238948626,0.00709920634920635,0.007274118876941457,0.0073608796296296295,0.007865292712066905,0.00934483024691358,0.00924544504181601,0.00866905615292712,0.00769699074074074,0.007326986260454002,0.007411651234567901,0.0062225209080047795
023422,2,LES LAINAGES VICTOR LTÉE,63022.0,Finissage de textiles & de tissus,Saint-Victor,0.0056907108721624845,0.2000808,2020.0,2024.0,0.005198924731182796,0.00550664796569969,0.00600545101553166,0.00505162037037037,0.005197655316606929,0.005837191358024692,0.0056907108721624845,0.005556712962962963,0.005874382716049382,0.005242756869773,0.005192206790123457,0.004732128634010355
023422,3,Club de golf Le Royal Chaudière inc.,46679.0,Terrains de golf & country clubs,Lévis,0.004709008431085044,0.06410484720000001,2020.0,2024.0,0.0,0.0,0.0,0.0029124717592592594,0.004695342614183307,0.008069684027777777,0.004709008431085044,0.00465954552220231,0.004665868888888888,0.0014309173162299171,0.0,0.0
023422,4,VILLE DE BEAUCEVILLE,48836.0,Réseaux d'aqueduc & systèmes d'irrigation,Beauceville,0.0038656854838709674,0.1178872497,2020.0,2024.0,0.0036534732302867384,0.003576700619184456,0.0035310269937275985,0.003560008796296296,0.003970054771505376,0.004126031828703703,0.0038656854838709674,0.003817775649641577,0.003816296064814815,0.003685489135304659,0.0036705918981481483,0.0035537758736559144
023422,5,CLUB DE GOLF LOTBINIÈRE INC.,45004.0,Terrains de golf & country clubs,Saint-Gilles,0.003317219758064516,0.036848286,2020.0,2024.0,0.0,0.0,0.0,0.0,0.0027645336021505378,0.003656936805555556,0.003317219758064516,0.002526301075268817,0.001492165277777778,0.00016651747311827956,0.0,0.0
023422,6,CLUB DE GOLF LOTBINIÈRE INC.,67056.0,Terrains de golf & country clubs,Saint-Gilles,0.0024788165322580645,0.0220187196,2020.0,2024.0,0.0,0.0,0.0,0.0,0.0014457479838709678,0.002055772222222222,0.0024788165322580645,0.0018303010752688173,0.0004923958333333334,1.3440860215053764e-08,0.0,0.0
023422,7,GROUPE COLAS QUÉBEC INC.,63194.0,Extraction de pierre,Lévis,0.002364433990442055,0.0748216,2023.0,2024.0,0.002364433990442055,0.002409928902116402,0.002364433990442055,0.002378587962962963,0.002364433990442055,0.002378587962962963,0.002364433990442055,0.002364433990442055,0.002378587962962963,0.002364433990442055,0.002378587962962963,0.002364433990442055
023422,8,Club de golf St-Georges 1964,44437.0,Terrains de golf & country clubs,Saint-Georges,0.0020620501893939395,0.011036025,2021.0,2024.0,0.0,0.0,0.0,0.0003298611111111111,0.0020446180555555556,0.00205365147005772,0.002015125704887218,0.0020620501893939395,0.001673890128968254,0.0014453124999999998,0.0,0.0
023422,9,2973-9711 Québec inc.,45186.0,Terrains de golf & country clubs,Saint-Benoît-Labre,0.0019112457014176445,0.01337346684,2020.0,2024.0,0.0,0.0,0.0,0.00048606208333333334,0.0019594336359126984,0.0020687114271336553,0.001722980066287879,0.0019112457014176445,0.0016581264393939394,0.0008659798611111111,0.0,0.0
023422,10,PAVAGES ABENAKIS LTEE,47570.0,Extraction de pierre,Saint-Georges,0.0004833625228937729,0.00357104,2020.0,2024.0,0.0,0.0,0.0,0.00027014825837742504,0.0003866588490903184,0.000483340627351044,0.0004833442644032922,0.0004833625228937729,0.0004833661265432099,0.0004833181173704049,0.0004833420386198163,0.0
023422,11,COOPÉRATIVE DE SOLIDARITÉ DU CLUB DE GOLF DU LAC MÉGANTIC,47842.0,Terrains de golf & country clubs,Frontenac,0.0004584005376344086,0.0043393275,2020.0,2024.0,0.0,0.0,0.0,0.0,0.00021848958333333334,0.0003254774305555556,0.0004584005376344086,0.0004038390456989247,0.0002023003472222222,2.892921146953405e-05,0.0,0.0
023422,12,Les Produits Forestiers D&G Ltée,73746.0,Scieries & préservation du bois,Saint-Côme--Linière,0.0002688483796296296,0.0056814595750000006,2023.0,2024.0,0.00024895457175925926,0.00028761944444444443,0.0002455844907407407,0.00025252893518518517,0.0002765451388888889,0.00028198495370370367,0.0002688483796296296,0.0002208738425925926,0.00023366319444444443,0.00021392939814814815,0.00018777199074074074,0.00024894097222222223
023432,1,SANIMAX ACI INC.,63052.0,Fonte graisse animale & transf. de viande carc.,Lévis,0.00924544504181601,0.2451716,2020.0,2024.0,0.007732900238948626,0.00709920634920635,0.007274118876941457,0.0073608796296296295,0.007865292712066905,0.00934483024691358,0.00924544504181601,0.00866905615292712,0.00769699074074074,0.007326986260454002,0.007411651234567901,0.0062225209080047795
023432,2,Club de golf Le Royal Chaudière inc.,46679.0,Terrains de golf & country clubs,Lévis,0.004709008431085044,0.06410484720000001,2020.0,2024.0,0.0,0.0,0.0,0.0029124717592592594,0.004695342614183307,0.008069684027777777,0.004709008431085044,0.00465954552220231,0.004665868888888888,0.0014309173162299171,0.0,0.0
023432,3,VILLE DE BEAUCEVILLE,48836.0,Réseaux d'aqueduc & systèmes d'irrigation,Beauceville,0.0038656854838709674,0.1178872497,2020.0,2024.0,0.0036534732302867384,0.003576700619184456,0.0035310269937275985,0.003560008796296296,0.003970054771505376,0.004126031828703703,0.0038656854838709674,0.003817775649641577,0.003816296064814815,0.003685489135304659,0.0036705918981481483,0.0035537758736559144
023432,4,GROUPE COLAS QUÉBEC INC.,63194.0,Extraction de pierre,Lévis,0.002364433990442055,0.0748216,2023.0,2024.0,0.002364433990442055,0.002409928902116402,0.002364433990442055,0.002378587962962963,0.002364433990442055,0.002378587962962963,0.002364433990442055,0.002364433990442055,0.002378587962962963,0.002364433990442055,0.002378587962962963,0.002364433990442055
023432,5,Club de golf St-Georges 1964,44437.0,Terrains de golf & country clubs,Saint-Georges,0.0020620501893939395,0.011036025,2021.0,2024.0,0.0,0.0,0.0,0.0003298611111111111,0.0020446180555555556,0.00205365147005772,0.002015125704887218,0.0020620501893939395,0.001673890128968254,0.0014453124999999998,0.0,0.0
023432,6,2973-9711 Québec inc.,45186.0,Terrains de golf & country clubs,Saint-Benoît-Labre,0.0019112457014176445,0.01337346684,2020.0,2024.0,0.0,0.0,0.0,0.00048606208333333334,0.0019594336359126984,0.0020687114271336553,0.001722980066287879,0.0019112457014176445,0.0016581264393939394,0.0008659798611111111,0.0,0.0
023432,7,PAVAGES ABENAKIS LTEE,47570.0,Extraction de pierre,Saint-Georges,0.0004833625228937729,0.00357104,2020.0,2024.0,0.0,0.0,0.0,0.00027014825837742504,0.0003866588490903184,0.000483340627351044,0.0004833442644032922,0.0004833625228937729,0.0004833661265432099,0.0004833181173704049,0.0004833420386198163,0.0
023432,8,COOPÉRATIVE DE SOLIDARITÉ DU CLUB DE GOLF DU LAC MÉGANTIC,47842.0,Terrains de golf & country clubs,Frontenac,0.0004584005376344086,0.0043393275,2020.0,2024.0,0.0,0.0,0.0,0.0,0.00021848958333333334,0.0003254774305555556,0.0004584005376344086,0.0004038390456989247,0.0002023003472222222,2.892921146953405e-05,0.0,0.0
024003,1,CARRIÈRES P.C.M. INC.,43762.0,Extraction de grès,Saint-Wenceslas,0.006603491512345678,0.4324595,2021.0,2022.0,0.0,0.0,0.08309082892416227,0.08535668905998389,0.07051857439335887,0.021391359378384232,0.005106271043771044,0.006603491512345678,0.00799681712962963,0.005205150462962963,0.008249421296296296,0.0
024003,2,ORICA CANADA INC.,48421.0,Fab. d'explosifs,Saint-Joseph-de-Coleraine,0.0044636201218395954,0.14819085448488298,2020.0,2023.0,0.0044859105542547125,0.0018988787372051091,0.00464334647550833,0.006009877282227259,0.008348195601622876,0.006999510130598519,0.0044156930941946,0.0044636201218395954,0.003965376998311829,0.0037353620781792932,0.0037546934427015403,0.003542230289631538
024003,3,Gestion G. Desloges inc.,45454.0,Terrains de golf & country clubs,Princeville,0.0038263888888888887,0.01965042,2020.0,2020.0,0.0,0.0,0.0,0.0,2.2135416666666668e-05,2.2301136363636365e-05,0.0035375000000000003,0.0038263888888888887,0.003729017857142857,0.0018791666666666666,0.0,0.0
024003,4,9074-5126 Québec inc.,47388.0,Culture en pépinière & floriculture,Plessisville,0.00047320075757575756,0.00100845,2020.0,2020.0,0.0,0.0,0.0,0.0,0.0,0.0004311111111111111,0.00047320075757575756,0.0,0.0,0.0,0.0,0.0
024003,5,Municipalité de Saint-Ferdinand,49981.0,Réseaux d'aqueduc & systèmes d'irrigation,Irlande,0.00039924955197132624,0.01535595,2024.0,2024.0,0.0005151769713261649,0.0004999401340996169,0.0005035282258064516,0.0005701388888888889,0.00047440636200716846,0.0005495370370370371,0.00039924955197132624,0.00039924955197132624,0.0003449074074074074,0.0003860887096774193,0.0004846064814814815,0.000701556899641577
024003,6,CLUB DE GOLF DE PLESSISVILLE (1990) INC.,72842.0,Réseaux d'aqueduc & systèmes d'irrigation,Princeville,0.00039264338235294117,0.0021211245,2021.0,2024.0,0.0,0.0,0.0,0.00020074999999999997,0.00040143663194444444,0.0005608585896164022,0.00039264338235294117,0.0003702821800595238,0.0003947618634259259,4.1822916666666666e-05,0.0,0.0
024003,7,MUNICIPALITE DE SAINT-PIERRE-DE-BROUGHTON,51607.0,Réseaux d'aqueduc & systèmes d'irrigation,Saint-Pierre-de-Broughton,0.00016040686603942651,0.00422139375,2021.0,2024.0,0.00012585685483870967,0.00012056516617063492,0.00012186799955197133,0.0001283376736111111,0.0001408350134408602,0.00014327690972222224,0.00016040686603942651,0.00013298331093189962,0.0001407740162037037,0.0001310287858422939,0.0001212427662037037,0.0001367509520609319
024003,8,CLUB DE GOLF DE PLESSISVILLE (1990) INC.,45071.0,Réseaux d'aqueduc & systèmes d'irrigation,Plessisville,8.677696078431372e-05,0.000401766375,2021.0,2024.0,0.0,0.0,0.0,2.0908564814814812e-05,0.000171078125,0.0002334141865079365,8.677696078431372e-05,8.260026041666667e-05,9.952305169753086e-05,3.4852430555555555e-06,0.0,0.0
024014,1,Quatre Comtés inc.,72794.0,Culture de noix & de fruits (sauf les agrumes),Saint-Louis-de-Blandford,0.016756944444444446,0.37229985,2021.0,2024.0,0.0,0.0,0.0,0.07177777777777777,0.03302380952380953,0.10632083333333332,0.0,0.016756944444444446,0.0653125,0.14668043154761906,0.07603125,0.08619977678571429
024014,2,VILLE DE PLESSISVILLE,49241.0,Réseaux d'aqueduc & systèmes d'irrigation,Notre-Dame-de-Lourdes,0.016175974462365593,0.40840824,2020.0,2024.0,0.010922356630824373,0.011391362633415435,0.011307235663082438,0.011922523148148147,0.013413060035842295,0.014838148148148147,0.015598846326164876,0.016175974462365593,0.01355853009259259,0.012953345654121864,0.011903993055555555,0.011236805555555555
024014,3,CARRIÈRES P.C.M. INC.,43762.0,Extraction de grès,Saint-Wenceslas,0.006603491512345678,0.4324595,2021.0,2022.0,0.0,0.0,0.08309082892416227,0.08535668905998389,0.07051857439335887,0.021391359378384232,0.005106271043771044,0.006603491512345678,0.00799681712962963,0.005205150462962963,0.008249421296296296,0.0
024014,4,ORICA CANADA INC.,48421.0,Fab. d'explosifs,Saint-Joseph-de-Coleraine,0.0044636201218395954,0.14819085448488298,2020.0,2023.0,0.0044859105542547125,0.0018988787372051091,0.00464334647550833,0.006009877282227259,0.008348195601622876,0.006999510130598519,0.0044156930941946,0.0044636201218395954,0.003965376998311829,0.0037353620781792932,0.0037546934427015403,0.003542230289631538
024014,5,Gestion G. Desloges inc.,45454.0,Terrains de golf & country clubs,Princeville,0.0038263888888888887,0.01965042,2020.0,2020.0,0.0,0.0,0.0,0.0,2.2135416666666668e-05,2.2301136363636365e-05,0.0035375000000000003,0.0038263888888888887,0.003729017857142857,0.0018791666666666666,0.0,0.0
024014,6,CANNEBERGES ATOKA INC.,63480.0,Préservation & congélation de fruits & légumes,Saint-Louis-de-Blandford,0.0007799059139784947,0.0536136,2020.0,2024.0,0.0006427344683393071,0.0008265998449188104,0.000857908950617284,0.0008520833333333334,0.0009473939665471923,0.0009314814814814814,0.0007799059139784947,0.000753770908004779,0.0008926697530864197,0.0009890979689366787,0.0009572916666666667,0.0007683691756272402
024014,7,9074-5126 Québec inc.,47388.0,Culture en pépinière & floriculture,Plessisville,0.00047320075757575756,0.00100845,2020.0,2020.0,0.0,0.0,0.0,0.0,0.0,0.0004311111111111111,0.00047320075757575756,0.0,0.0,0.0,0.0,0.0
024014,8,Municipalité de Saint-Ferdinand,49981.0,Réseaux d'aqueduc & systèmes d'irrigation,Irlande,0.00039924955197132624,0.01535595,2024.0,2024.0,0.0005151769713261649,0.0004999401340996169,0.0005035282258064516,0.0005701388888888889,0.00047440636200716846,0.0005495370370370371,0.00039924955197132624,0.00039924955197132624,0.0003449074074074074,0.0003860887096774193,0.0004846064814814815,0.000701556899641577
024014,9,CLUB DE GOLF DE PLESSISVILLE (1990) INC.,72842.0,Réseaux d'aqueduc & systèmes d'irrigation,Princeville,0.00039264338235294117,0.0021211245,2021.0,2024.0,0.0,0.0,0.0,0.00020074999999999997,0.00040143663194444444,0.0005608585896164022,0.00039264338235294117,0.0003702821800595238,0.0003947618634259259,4.1822916666666666e-05,0.0,0.0
024014,10,MUNICIPALITE DE SAINT-PIERRE-DE-BROUGHTON,51607.0,Réseaux d'aqueduc & systèmes d'irrigation,Saint-Pierre-de-Broughton,0.00016040686603942651,0.00422139375,2021.0,2024.0,0.00012585685483870967,0.00012056516617063492,0.00012186799955197133,0.0001283376736111111,0.0001408350134408602,0.00014327690972222224,0.00016040686603942651,0.00013298331093189962,0.0001407740162037037,0.0001310287858422939,0.0001212427662037037,0.0001367509520609319
024014,11,CLUB DE GOLF DE PLESSISVILLE (1990) INC.,45071.0,Réseaux d'aqueduc & systèmes d'irrigation,Plessisville,8.677696078431372e-05,0.000401766375,2021.0,2024.0,0.0,0.0,0.0,2.0908564814814812e-05,0.000171078125,0.0002334141865079365,8.677696078431372e-05,8.260026041666667e-05,9.952305169753086e-05,3.4852430555555555e-06,0.0,0.0
024015,1,CARRIÈRES P.C.M. INC.,43762.0,Extraction de grès,Saint-Wenceslas,0.006603491512345678,0.4324595,2021.0,2022.0,0.0,0.0,0.08309082892416227,0.08535668905998389,0.07051857439335887,0.021391359378384232,0.005106271043771044,0.006603491512345678,0.00799681712962963,0.005205150462962963,0.008249421296296296,0.0
024015,2,Gestion G. Desloges inc.,45454.0,Terrains de golf & country clubs,Princeville,0.0038263888888888887,0.01965042,2020.0,2020.0,0.0,0.0,0.0,0.0,2.2135416666666668e-05,2.2301136363636365e-05,0.0035375000000000003,0.0038263888888888887,0.003729017857142857,0.0018791666666666666,0.0,0.0
024015,3,CLUB DE GOLF DE PLESSISVILLE (1990) INC.,72842.0,Réseaux d'aqueduc & systèmes d'irrigation,Princeville,0.00039264338235294117,0.0021211245,2021.0,2024.0,0.0,0.0,0.0,0.00020074999999999997,0.00040143663194444444,0.0005608585896164022,0.00039264338235294117,0.0003702821800595238,0.0003947618634259259,4.1822916666666666e-05,0.0,0.0
030101,1,Groupe Ataca inc.,67526.0,Culture de noix & de fruits (sauf les agrumes),Sainte-Clotilde-de-Horton,0.12616837480709878,0.0918202018,2020.0,2024.0,0.0,0.0,0.0,0.0,0.0,0.1970325,0.12616837480709878,0.10641561111111111,0.06801283333333333,0.023658813657407407,0.18229166666666666,0.0
030101,2,GROUPE ROUGE & OR S.E.N.C.,73239.0,Culture de noix & de fruits (sauf les agrumes),Sainte-Séraphine,0.042399691358024696,0.2925635,2023.0,2024.0,0.03039209054834055,0.0,0.0,0.008357308201058202,0.027044463734567897,0.05442459787511871,0.042399691358024696,0.010699652777777777,0.03355729166666667,0.023990965792181067,0.0,0.051423170194003526
030101,3,VILLE DE VICTORIAVILLE,49243.0,Réseaux d'aqueduc & systèmes d'irrigation,Victoriaville,0.02174054659498208,0.59262918,2020.0,2024.0,0.016530421146953404,0.01741948592296114,0.017112275985663082,0.017066828703703706,0.024148835125448027,0.023493032407407407,0.02174054659498208,0.020382851702508958,0.019264953703703704,0.017100324820788528,0.01583548611111111,0.015157549283154121
030101,4,LACTALIS CANADA INC.,43830.0,Fab. de produits laitiers,Victoriaville,0.018457437275985665,0.5635858,2020.0,2024.0,0.017087664277180406,0.016646896665754425,0.016192428315412188,0.017611265432098767,0.01930704898446834,0.02050949074074074,0.018457437275985665,0.017984169653524493,0.01784182098765432,0.018266950418160097,0.017360416666666666,0.01711097919155715
030101,5,LES GAZONS STE-JULIE LTEE,72017.0,Autres cultures agricoles,Victoriaville,0.00574875,0.011739371333333333,2021.0,2023.0,0.0,0.0,0.0,0.0,0.006159375,0.005050323811026936,0.002874375,0.00574875,0.0,0.0,0.0,0.0
030101,6,GROUPE COLAS QUÉBEC INC.,47487.0,Extraction de pierre,Drummondville,0.004866188769414575,0.11586766666666667,2020.0,2022.0,0.0,0.0,0.0018210747710075666,0.008032343106995883,0.011124365292712067,0.00842662037037037,0.004302730485862207,0.004866188769414575,0.0018817772633744857,0.0018210747710075666,0.0016280092592592594,0.0
030101,7,VILLE DE VAL-DES-SOURCES,60908.0,Réseaux d'aqueduc & systèmes d'irrigation,Val-des-Sources,0.004028995306104651,0.11248259492442222,2020.0,2024.0,0.003470610837123863,0.0035060704361981666,0.0033436379833774654,0.0035182275018539088,0.003463274496188839,0.0035133720461485987,0.004028995306104651,0.0039943838446639315,0.0035731212885029826,0.003243832270264528,0.003915691250904617,0.004150815670258358
030101,8,CLUB DE GOLF LAURIER INC.,48467.0,Terrains de golf & country clubs,Princeville,0.003233750426693975,0.0408097,2020.0,2024.0,0.0,0.0,0.0,0.0011135726986044013,0.003585382777318261,0.003561012731481482,0.003233750426693975,0.002717954090238246,0.002415252849002849,0.001021140458376333,0.0,0.0
030101,9,VILLE DE VAL-DES-SOURCES,71630.0,Réseaux d'aqueduc & systèmes d'irrigation,Val-des-Sources,0.0028664279701738995,0.08676794492442223,2020.0,2024.0,0.0027378487403496693,0.00278156561271705,0.002929592284452734,0.0027203049955748914,0.0030207830592902172,0.003280276530277582,0.002784473917358427,0.0028664279701738995,0.0026405065177120615,0.002573196143302489,0.0023439629800806735,0.00232768618997162
030101,10,GROUPE COLAS QUÉBEC INC.,73733.0,Extraction de pierre,Drummondville,0.0017794578853046594,0.0428683,2023.0,2024.0,0.000442372311827957,0.0004897693452380952,0.000442372311827957,0.0018387924382716049,0.0017794578853046594,0.001838773148148148,0.0017794578853046594,0.0017794578853046594,0.0018387924382716049,0.0017794578853046594,0.001838773148148148,0.000442372311827957
030101,11,VILLE DE DANVILLE,50507.0,Réseaux d'aqueduc & systèmes d'irrigation,Danville,0.001353584229390681,0.03780402,2020.0,2024.0,0.0010884184587813621,0.001105127086754242,0.0010912410394265232,0.0011200694444444446,0.0013261088709677418,0.0013504050925925927,0.001353584229390681,0.0013296931003584228,0.001250162037037037,0.0012048275089605735,0.0010958333333333334,0.0010470430107526881
030101,12,LES POMMES DE TERRE CARDINAL INC.,71112.0,Culture de pommes de terre,Sainte-Brigitte-des-Saults,0.0012492831541218638,0.01652304,2020.0,2024.0,0.0,0.0,0.0,0.0,0.0012492831541218638,0.001250925925925926,0.0012492831541218638,0.0012492831541218638,0.001250925925925926,0.0,0.0,0.0
030101,13,LES CULTURES DE CHEZ NOUS INC.,71016.0,Culture de légumes & de melons,Sainte-Brigitte-des-Saults,0.0011111111111111111,0.001536,2020.0,2020.0,0.0,0.0,0.0,0.0,0.0,0.0022222222222222222,0.0011111111111111111,0.0,0.0,0.0,0.0,0.0
030101,14,LES CULTURES DE CHEZ NOUS INC.,71017.0,Culture de légumes & de melons,Sainte-Brigitte-des-Saults,0.0004340277777777778,0.001658688,2020.0,2023.0,0.0,0.0,0.0,0.0,0.00252116452991453,0.0,0.0,0.0004340277777777778,0.0012586805555555556,0.0,0.0,0.0
030101,15,FERME RÉJEAN BEAUPARLANT INC.,72803.0,Culture de pommes de terre,Notre-Dame-du-Bon-Conseil,0.000329677012889612,0.00015433809747464046,2021.0,2021.0,0.0,0.0,0.0,0.0,0.0,0.0,0.0002657631779847725,0.000329677012889612,0.0,0.0,0.0,0.0
030101,16,9190-4805 QUÉBEC INC.,71723.0,Extraction de pierre,Val-des-Sources,0.00017994573874950218,0.005461333333333333,2022.0,2024.0,0.00013140929908403028,0.00015135049869245272,0.00019175982818455938,0.00020194187242798353,0.00016772451214655515,0.00016436471193415636,0.00017994573874950218,0.00017205545599362803,0.00017669753086419754,0.00017296395858223815,0.00018743569958847736,0.00018382865392273996
030101,17,Station du Mont Gleason inc.,57845.0,Centres de ski,Tingwick,0.0,0.006929114,2020.0,2024.0,0.0028099993652927124,0.00029166666666666664,0.0,0.0,0.0,0.0,0.0,0.0,0.0,0.0,0.0007584995370370371,0.001154038084511483
030101,18,Station du Mont Gleason inc.,68666.0,Réseaux d'aqueduc & systèmes d'irrigation,Tingwick,0.0,1.389e-05,2020.0,2024.0,2.041299532058941e-06,2.346598165563683e-06,1.9493572685776984e-06,1.0416666666666665e-07,5.425347222222222e-08,0.0,0.0,0.0,1.102825126262626e-06,3.197337962962963e-06,3.4449404761904762e-06,1.5795863207972581e-06
030101,19,Station du Mont Gleason inc.,67651.0,Centres de ski,Warwick,0.0,0.0128908908,2020.0,2024.0,0.002946266275886101,0.0,0.0,0.0,0.0,0.0,0.0,0.0,0.0,0.0005791666666666667,0.0030883412367724867,0.0035960690941998067
030101,20,LES CULTURES DE CHEZ NOUS INC.,72830.0,Culture de légumes & de melons,Saint-Cyrille-de-Wendover,0.0,0.001152,2023.0,2023.0,0.0,0.0,0.0,0.0,0.0033333333333333335,0.0,0.0,0.0,0.0,0.0,0.0,0.0
030101,21,+ 1 autres préleveurs,,,,0.0,,,,0.0,0.0,0.0,0.0,0.0,0.0,0.0,0.0,0.0,0.11363271604938271,0.0,0.07523148148148148
030103,1,AGROPUR COOPÉRATIVE,45220.0,Fab. de produits laitiers,Notre-Dame-du-Bon-Conseil,0.1662685359418558,4.668968451544329,2020.0,2024.0,0.15142273429821135,0.15719224365991608,0.14199820788530465,0.13958641975308644,0.13883893369175626,0.14497453703703705,0.13822013142174433,0.1662685359418558,0.15252878086419752,0.15227045997610514,0.15319560185185185,0.14196012544802866
030103,2,Groupe Ataca inc.,67526.0,Culture de noix & de fruits (sauf les agrumes),Sainte-Clotilde-de-Horton,0.12616837480709878,0.0918202018,2020.0,2024.0,0.0,0.0,0.0,0.0,0.0,0.1970325,0.12616837480709878,0.10641561111111111,0.06801283333333333,0.023658813657407407,0.18229166666666666,0.0
030103,3,GROUPE ROUGE & OR S.E.N.C.,73239.0,Culture de noix & de fruits (sauf les agrumes),Sainte-Séraphine,0.042399691358024696,0.2925635,2023.0,2024.0,0.03039209054834055,0.0,0.0,0.008357308201058202,0.027044463734567897,0.05442459787511871,0.042399691358024696,0.010699652777777777,0.03355729166666667,0.023990965792181067,0.0,0.051423170194003526
030103,4,LES BASSINS ROUGES S.E.N.C.,73238.0,Culture de noix & de fruits (sauf les agrumes),Sainte-Séraphine,0.041605324074074065,0.4221895,2023.0,2024.0,0.027609615500240502,0.0,0.0,0.012277199074074074,0.04188228202160494,0.07374080009496675,0.041605324074074065,0.01018019386574074,0.06099016203703704,0.042408492476851856,0.02686458333333333,0.08800774360670194
030103,5,AGROPUR COOPÉRATIVE,44067.0,Fab. de produits laitiers,Notre-Dame-du-Bon-Conseil,0.029835946833930704,0.9157946,2020.0,2024.0,0.02854032258064516,0.027973556376573623,0.026540695937873355,0.027700308641975306,0.030224761051373956,0.029850694444444444,0.028297565710872163,0.029835946833930704,0.027646836419753084,0.02761292313819196,0.033961574074074075,0.030496714456391877
030103,6,VILLE DE VICTORIAVILLE,49243.0,Réseaux d'aqueduc & systèmes d'irrigation,Victoriaville,0.02174054659498208,0.59262918,2020.0,2024.0,0.016530421146953404,0.01741948592296114,0.017112275985663082,0.017066828703703706,0.024148835125448027,0.023493032407407407,0.02174054659498208,0.020382851702508958,0.019264953703703704,0.017100324820788528,0.01583548611111111,0.015157549283154121
030103,7,CASCADES CANADA ULC,43829.0,Usines de papier (sauf papier journal),Kingsey Falls,0.02049074074074074,0.612836,2020.0,2024.0,0.019489247311827957,0.019486892218573252,0.019632168458781362,0.01950925925925926,0.01954405615292712,0.017489351851851853,0.02049074074074074,0.01980070191158901,0.02016141975308642,0.019584154719235365,0.01982438271604938,0.018031137992831542
030103,8,LACTALIS CANADA INC.,43830.0,Fab. de produits laitiers,Victoriaville,0.018457437275985665,0.5635858,2020.0,2024.0,0.017087664277180406,0.016646896665754425,0.016192428315412188,0.017611265432098767,0.01930704898446834,0.02050949074074074,0.018457437275985665,0.017984169653524493,0.01784182098765432,0.018266950418160097,0.017360416666666666,0.01711097919155715
030103,9,La Cannebergière Nathaniel (2017) inc.,71229.0,Culture de noix & de fruits (sauf les agrumes),Sainte-Séraphine,0.0107421875,0.13321529368,2020.0,2023.0,0.0,0.0,0.0,0.0,0.07999368842592593,0.07973988344907408,0.00861235119047619,0.0107421875,0.01987847222222222,0.07335967663194444,0.0,0.09000887940972221
030103,10,LES GAZONS STE-JULIE LTEE,72017.0,Autres cultures agricoles,Victoriaville,0.00574875,0.011739371333333333,2021.0,2023.0,0.0,0.0,0.0,0.0,0.006159375,0.005050323811026936,0.002874375,0.00574875,0.0,0.0,0.0,0.0
030103,11,GROUPE COLAS QUÉBEC INC.,47487.0,Extraction de pierre,Drummondville,0.004866188769414575,0.11586766666666667,2020.0,2022.0,0.0,0.0,0.0018210747710075666,0.008032343106995883,0.011124365292712067,0.00842662037037037,0.004302730485862207,0.004866188769414575,0.0018817772633744857,0.0018210747710075666,0.0016280092592592594,0.0
030103,12,VILLE DE VAL-DES-SOURCES,60908.0,Réseaux d'aqueduc & systèmes d'irrigation,Val-des-Sources,0.004028995306104651,0.11248259492442222,2020.0,2024.0,0.003470610837123863,0.0035060704361981666,0.0033436379833774654,0.0035182275018539088,0.003463274496188839,0.0035133720461485987,0.004028995306104651,0.0039943838446639315,0.0035731212885029826,0.003243832270264528,0.003915691250904617,0.004150815670258358
030103,13,CLUB DE GOLF LAURIER INC.,48467.0,Terrains de golf & country clubs,Princeville,0.003233750426693975,0.0408097,2020.0,2024.0,0.0,0.0,0.0,0.0011135726986044013,0.003585382777318261,0.003561012731481482,0.003233750426693975,0.002717954090238246,0.002415252849002849,0.001021140458376333,0.0,0.0
030103,14,VILLE DE VAL-DES-SOURCES,71630.0,Réseaux d'aqueduc & systèmes d'irrigation,Val-des-Sources,0.0028664279701738995,0.08676794492442223,2020.0,2024.0,0.0027378487403496693,0.00278156561271705,0.002929592284452734,0.0027203049955748914,0.0030207830592902172,0.003280276530277582,0.002784473917358427,0.0028664279701738995,0.0026405065177120615,0.002573196143302489,0.0023439629800806735,0.00232768618997162
030103,15,GROUPE COLAS QUÉBEC INC.,73733.0,Extraction de pierre,Drummondville,0.0017794578853046594,0.0428683,2023.0,2024.0,0.000442372311827957,0.0004897693452380952,0.000442372311827957,0.0018387924382716049,0.0017794578853046594,0.001838773148148148,0.0017794578853046594,0.0017794578853046594,0.0018387924382716049,0.0017794578853046594,0.001838773148148148,0.000442372311827957
030103,16,VILLE DE DANVILLE,50507.0,Réseaux d'aqueduc & systèmes d'irrigation,Danville,0.001353584229390681,0.03780402,2020.0,2024.0,0.0010884184587813621,0.001105127086754242,0.0010912410394265232,0.0011200694444444446,0.0013261088709677418,0.0013504050925925927,0.001353584229390681,0.0013296931003584228,0.001250162037037037,0.0012048275089605735,0.0010958333333333334,0.0010470430107526881
030103,17,LES POMMES DE TERRE CARDINAL INC.,71112.0,Culture de pommes de terre,Sainte-Brigitte-des-Saults,0.0012492831541218638,0.01652304,2020.0,2024.0,0.0,0.0,0.0,0.0,0.0012492831541218638,0.001250925925925926,0.0012492831541218638,0.0012492831541218638,0.001250925925925926,0.0,0.0,0.0
030103,18,LES CULTURES DE CHEZ NOUS INC.,71016.0,Culture de légumes & de melons,Sainte-Brigitte-des-Saults,0.0011111111111111111,0.001536,2020.0,2020.0,0.0,0.0,0.0,0.0,0.0,0.0022222222222222222,0.0011111111111111111,0.0,0.0,0.0,0.0,0.0
030103,19,LES CULTURES DE CHEZ NOUS INC.,71017.0,Culture de légumes & de melons,Sainte-Brigitte-des-Saults,0.0004340277777777778,0.001658688,2020.0,2023.0,0.0,0.0,0.0,0.0,0.00252116452991453,0.0,0.0,0.0004340277777777778,0.0012586805555555556,0.0,0.0,0.0
030103,20,FERME RÉJEAN BEAUPARLANT INC.,72803.0,Culture de pommes de terre,Notre-Dame-du-Bon-Conseil,0.000329677012889612,0.00015433809747464046,2021.0,2021.0,0.0,0.0,0.0,0.0,0.0,0.0,0.0002657631779847725,0.000329677012889612,0.0,0.0,0.0,0.0
030103,21,+ 6 autres préleveurs,,,,0.00017994573874950218,,,,0.005889716239794903,0.0004453637635246831,0.00019370918545313708,0.0002020460390946502,0.003501112098952111,0.00016436471193415636,0.00017994573874950218,0.00017205545599362803,0.00017780035599046016,0.11438804401259459,0.004037721413874192,0.08016699690043631
030106,1,Groupe Ataca inc.,67526.0,Culture de noix & de fruits (sauf les agrumes),Sainte-Clotilde-de-Horton,0.12616837480709878,0.0918202018,2020.0,2024.0,0.0,0.0,0.0,0.0,0.0,0.1970325,0.12616837480709878,0.10641561111111111,0.06801283333333333,0.023658813657407407,0.18229166666666666,0.0
030106,2,GROUPE ROUGE & OR S.E.N.C.,73239.0,Culture de noix & de fruits (sauf les agrumes),Sainte-Séraphine,0.042399691358024696,0.2925635,2023.0,2024.0,0.03039209054834055,0.0,0.0,0.008357308201058202,0.027044463734567897,0.05442459787511871,0.042399691358024696,0.010699652777777777,0.03355729166666667,0.023990965792181067,0.0,0.051423170194003526
030106,3,VILLE DE VICTORIAVILLE,49243.0,Réseaux d'aqueduc & systèmes d'irrigation,Victoriaville,0.02174054659498208,0.59262918,2020.0,2024.0,0.016530421146953404,0.01741948592296114,0.017112275985663082,0.017066828703703706,0.024148835125448027,0.023493032407407407,0.02174054659498208,0.020382851702508958,0.019264953703703704,0.017100324820788528,0.01583548611111111,0.015157549283154121
030106,4,LACTALIS CANADA INC.,43830.0,Fab. de produits laitiers,Victoriaville,0.018457437275985665,0.5635858,2020.0,2024.0,0.017087664277180406,0.016646896665754425,0.016192428315412188,0.017611265432098767,0.01930704898446834,0.02050949074074074,0.018457437275985665,0.017984169653524493,0.01784182098765432,0.018266950418160097,0.017360416666666666,0.01711097919155715
030106,5,GROUPE COLAS QUÉBEC INC.,47487.0,Extraction de pierre,Drummondville,0.004866188769414575,0.11586766666666667,2020.0,2022.0,0.0,0.0,0.0018210747710075666,0.008032343106995883,0.011124365292712067,0.00842662037037037,0.004302730485862207,0.004866188769414575,0.0018817772633744857,0.0018210747710075666,0.0016280092592592594,0.0
030106,6,CLUB DE GOLF LAURIER INC.,48467.0,Terrains de golf & country clubs,Princeville,0.003233750426693975,0.0408097,2020.0,2024.0,0.0,0.0,0.0,0.0011135726986044013,0.003585382777318261,0.003561012731481482,0.003233750426693975,0.002717954090238246,0.002415252849002849,0.001021140458376333,0.0,0.0
030106,7,GROUPE COLAS QUÉBEC INC.,73733.0,Extraction de pierre,Drummondville,0.0017794578853046594,0.0428683,2023.0,2024.0,0.000442372311827957,0.0004897693452380952,0.000442372311827957,0.0018387924382716049,0.0017794578853046594,0.001838773148148148,0.0017794578853046594,0.0017794578853046594,0.0018387924382716049,0.0017794578853046594,0.001838773148148148,0.000442372311827957
030106,8,VILLE DE DANVILLE,50507.0,Réseaux d'aqueduc & systèmes d'irrigation,Danville,0.001353584229390681,0.03780402,2020.0,2024.0,0.0010884184587813621,0.001105127086754242,0.0010912410394265232,0.0011200694444444446,0.0013261088709677418,0.0013504050925925927,0.001353584229390681,0.0013296931003584228,0.001250162037037037,0.0012048275089605735,0.0010958333333333334,0.0010470430107526881
030106,9,LES POMMES DE TERRE CARDINAL INC.,71112.0,Culture de pommes de terre,Sainte-Brigitte-des-Saults,0.0012492831541218638,0.01652304,2020.0,2024.0,0.0,0.0,0.0,0.0,0.0012492831541218638,0.001250925925925926,0.0012492831541218638,0.0012492831541218638,0.001250925925925926,0.0,0.0,0.0
030106,10,LES CULTURES DE CHEZ NOUS INC.,71016.0,Culture de légumes & de melons,Sainte-Brigitte-des-Saults,0.0011111111111111111,0.001536,2020.0,2020.0,0.0,0.0,0.0,0.0,0.0,0.0022222222222222222,0.0011111111111111111,0.0,0.0,0.0,0.0,0.0
030106,11,LES CULTURES DE CHEZ NOUS INC.,71017.0,Culture de légumes & de melons,Sainte-Brigitte-des-Saults,0.0004340277777777778,0.001658688,2020.0,2023.0,0.0,0.0,0.0,0.0,0.00252116452991453,0.0,0.0,0.0004340277777777778,0.0012586805555555556,0.0,0.0,0.0
030106,12,FERME RÉJEAN BEAUPARLANT INC.,72803.0,Culture de pommes de terre,Notre-Dame-du-Bon-Conseil,0.000329677012889612,0.00015433809747464046,2021.0,2021.0,0.0,0.0,0.0,0.0,0.0,0.0,0.0002657631779847725,0.000329677012889612,0.0,0.0,0.0,0.0
030106,13,9190-4805 QUÉBEC INC.,71723.0,Extraction de pierre,Val-des-Sources,0.00017994573874950218,0.005461333333333333,2022.0,2024.0,0.00013140929908403028,0.00015135049869245272,0.00019175982818455938,0.00020194187242798353,0.00016772451214655515,0.00016436471193415636,0.00017994573874950218,0.00017205545599362803,0.00017669753086419754,0.00017296395858223815,0.00018743569958847736,0.00018382865392273996
030106,14,Station du Mont Gleason inc.,68666.0,Réseaux d'aqueduc & systèmes d'irrigation,Tingwick,0.0,1.389e-05,2020.0,2024.0,2.041299532058941e-06,2.346598165563683e-06,1.9493572685776984e-06,1.0416666666666665e-07,5.425347222222222e-08,0.0,0.0,0.0,1.102825126262626e-06,3.197337962962963e-06,3.4449404761904762e-06,1.5795863207972581e-06
030106,15,Station du Mont Gleason inc.,67651.0,Centres de ski,Warwick,0.0,0.0128908908,2020.0,2024.0,0.002946266275886101,0.0,0.0,0.0,0.0,0.0,0.0,0.0,0.0,0.0005791666666666667,0.0030883412367724867,0.0035960690941998067
030106,16,Station du Mont Gleason inc.,57845.0,Centres de ski,Tingwick,0.0,0.006929114,2020.0,2024.0,0.0028099993652927124,0.00029166666666666664,0.0,0.0,0.0,0.0,0.0,0.0,0.0,0.0,0.0007584995370370371,0.001154038084511483
030106,17,LES CULTURES DE CHEZ NOUS INC.,72830.0,Culture de légumes & de melons,Saint-Cyrille-de-Wendover,0.0,0.001152,2023.0,2023.0,0.0,0.0,0.0,0.0,0.0033333333333333335,0.0,0.0,0.0,0.0,0.0,0.0,0.0
030215,1,Waterville TG inc.,43786.0,Fab. d'autres produits en caoutchouc,Waterville,0.047287368827160496,0.626827368,2020.0,2024.0,0.029013637325894272,0.043303264584901816,0.036818737782921815,0.010734230559745265,0.0428112371399177,0.050364359578708016,0.047287368827160496,0.041905837251212635,0.03208489923747277,0.029185585921943452,0.024684193672839506,0.039290141293891294
030215,2,VILLE DE WINDSOR,70406.0,Réseaux d'aqueduc & systèmes d'irrigation,Windsor,0.02959650612305854,0.844378234,2020.0,2024.0,0.024624452658303465,0.025324215243568694,0.024375580197132617,0.02690655632716049,0.026183269862604542,0.028947702160493825,0.02959650612305854,0.029482243876941455,0.027857564814814818,0.027513202658303464,0.025139006172839505,0.025168967293906813
030215,3,VILLE DE VALCOURT,51916.0,Réseaux d'aqueduc & systèmes d'irrigation,Orford,0.020693025686977302,0.6206064,2020.0,2024.0,0.017210946833930704,0.018049945265462507,0.018818772401433693,0.018365123456790124,0.02142398446833931,0.023926080246913582,0.020693025686977302,0.020493727598566307,0.020948688271604936,0.0185514486260454,0.018611496913580248,0.018767249103942653
030215,4,Placements Paul Brouillard inc.,47429.0,Terrains de golf & country clubs,Magog,0.010327602099867725,0.03342121,2020.0,2024.0,0.0,0.0,0.0,0.00269212962962963,0.008867563657407406,0.013717967923280425,0.010327602099867725,0.010289700827721661,0.011376678240740741,0.0,0.0,0.0
030215,5,GRAYMONT (QC) INC.,44421.0,Extraction de calcaire,Dudswell,0.00819716254130843,0.21243583513524658,2020.0,2023.0,0.003980034886947702,0.005915536420914265,0.00890935121579597,0.012005647580548276,0.006242290513465147,0.0034853601532545105,0.0064538501538923924,0.00819716254130843,0.005792636502042341,0.005744167429453403,0.005852690012965712,0.008255076968611734
030215,6,GRAYMONT (QC) INC.,44633.0,Extraction de calcaire,Dudswell,0.007729140944808617,0.11859531876546264,2020.0,2023.0,0.0,0.0,0.0,0.0024319538487158686,0.004183053721632403,0.0058629797427932635,0.005987609509499124,0.007729140944808617,0.007193393670408752,0.007280609855231735,0.005144323349047959,0.002833321489703275
030215,7,VILLE DE THETFORD MINES,69150.0,Réseaux d'aqueduc & systèmes d'irrigation,Saint-Joseph-de-Coleraine,0.007688847153517692,0.45876738459761857,2020.0,2024.0,0.0068706147767863875,0.007262341565676222,0.006982882391557701,0.007139782400135436,0.007877896265119533,0.008144967246157925,0.007688847153517692,0.007585896661431221,0.008014779903360705,0.006346674426288702,0.0069315881938686414,0.006425224428015737
030215,8,COUILLARD CONSTRUCTION LIMITÉE,59162.0,Extraction de sable & de gravier,Coaticook,0.00757506767016571,0.056793,2020.0,2024.0,0.0,0.0,0.0,0.006482445987654321,0.006625520995435212,0.007239933703128148,0.0070903742283950615,0.00757506767016571,0.006841324705387205,0.006648449613431232,0.008167631172839506,0.0
030215,9,11250299 CANADA INC.,45455.0,Terrains de golf & country clubs,Drummondville,0.0054421608664772725,0.0490077424975,2020.0,2023.0,0.0,0.0,0.0,0.0014157128772290808,0.006016793544703417,0.005528561995489079,0.0054421608664772725,0.0041322893860609375,0.0041375982668951415,0.0015511050195656966,0.0,0.0
030215,10,GRAYMONT (QC) INC.,43985.0,Extraction de calcaire,Dudswell,0.005380456246361055,0.1188783274946396,2020.0,2023.0,0.0013396447916401873,0.001563469134774165,0.00422336050146057,0.009245141728479055,0.0038077823638583003,0.002418146683333231,0.0033905445924128784,0.005380456246361055,0.002953694025235032,0.002163405505508568,0.0032396702884247295,0.005482993472030832
030215,11,Scierie Clifton inc.,70815.0,Scieries & préservation du bois,Saint-Isidore-de-Clifton,0.004675,0.07428828,2020.0,2024.0,0.0,0.0,0.0,0.0,0.004662679211469534,0.004675,0.004675,0.004675,0.004675,0.004675,0.0,0.0
030215,12,GROUPE COLAS QUÉBEC INC.,55376.0,Extraction de pierre,Hatley,0.004608418513969307,0.07350093666608067,2020.0,2024.0,0.0,0.0,0.0,0.0023968371985391445,0.002849491507328684,0.002980682955975874,0.004608418513969307,0.0033619706622944542,0.0051813818945401005,0.0044195416680509435,0.002786767832519084,0.0
030215,13,GRAYMONT (QC) INC.,47236.0,Extraction de calcaire,Dudswell,0.00418789674670687,0.06817484542718126,2020.0,2023.0,0.0,0.0,0.0043943901364550154,0.008689255622356715,0.00264912501027148,0.00028507365531008766,0.0008032336637030612,0.00418789674670687,0.0021791060298832422,0.002328728329393223,0.0028036505087145665,0.0018418635802239236
030215,14,PÉPINIÈRE L'AVENIR INC.,44288.0,Culture en pépinière & arboriculture,Racine,0.004155622596372688,0.03524912597749677,2020.0,2023.0,0.0,0.0,0.0,0.0022928990392420408,0.002634433693574909,0.003465709240474821,0.004155622596372688,0.003032786701503065,0.002516703898761698,0.0020141828039821935,0.0,0.0
030215,15,VILLE DE WATERVILLE,49767.0,Réseaux d'aqueduc & systèmes d'irrigation,Hatley,0.003767449596774193,0.097488684,2020.0,2024.0,0.002961747311827957,0.0031625145388615218,0.002714938769414576,0.002604699074074074,0.0030079689366786138,0.0033885740740740742,0.003394653300477898,0.003767449596774193,0.0035507299382716044,0.003042815860215054,0.0029282916666666667,0.002548817951015532
030215,16,Bois Hunting inc.,47264.0,Scieries sauf usines de bard. & bard. de fente,Waterville,0.0033628285543608125,0.0427694,2020.0,2024.0,0.0,0.0,0.0,0.0,0.002668549790085116,0.0024942901234567905,0.003333918259657507,0.0033628285543608125,0.003839506172839506,0.004361407114729672,0.0,0.0
030215,17,CONSTRUCTION DJL INC.,57316.0,Extraction de pierre,Sherbrooke,0.002376269414575866,0.06896776,2020.0,2024.0,0.000761126045400239,0.0007611096857325306,0.0034249925328554364,0.0029933179012345676,0.002985140382317802,0.002384429012345679,0.002376269414575866,0.002376269414575866,0.002384429012345679,0.002376269414575866,0.00177554012345679,0.0015222222222222221
030215,18,1455695 B.C. LTD.,53525.0,Fab. d'autres produits en caoutchouc,Sherbrooke,0.001318698118901832,0.026713955,2022.0,2023.0,0.0009150150942993686,0.000326953125,0.00048303091397849463,0.0006261199294532628,0.0008978766273225395,0.001136568353554704,0.0012124520317126383,0.001318698118901832,0.0014011246141975308,0.0011185502538829152,0.0006867534722222223,0.0005261518919028999
030215,19,CLUB DE GOLF HERIOT INC.,44335.0,Terrains de golf & country clubs,Drummondville,0.0009810648148148148,0.00297522,2020.0,2024.0,0.0,0.0,0.0,0.0006057098765432099,0.0014912478956228957,0.001579943783068783,0.0009810648148148148,0.0005520447530864197,0.0011683304398148148,0.0018229166666666667,0.0,0.0
030215,20,CARRIÈRES P.C.M. INC.,45009.0,Extraction de minerais non métalliques,Wickham,0.0007757675438596491,0.081662,2021.0,2022.0,0.0,0.0,0.0,0.0,0.0,0.0009290261243386244,0.0007757675438596491,0.0,0.0,0.027022569444444443,0.03907899305555556,0.0
030215,21,+ 19 autres préleveurs,,,,0.002869495028096413,,,,0.020699540934417185,0.01168545945303403,0.0017341055117584886,0.0016328055571993023,0.002403947492660528,0.0027165721111748605,0.002752206560909737,0.002761845005566366,0.0026533091702011,0.0024489939489157654,0.01285121925655487,0.019529252245772753
030234,1,Waterville TG inc.,43786.0,Fab. d'autres produits en caoutchouc,Waterville,0.047287368827160496,0.626827368,2020.0,2024.0,0.029013637325894272,0.043303264584901816,0.036818737782921815,0.010734230559745265,0.0428112371399177,0.050364359578708016,0.047287368827160496,0.041905837251212635,0.03208489923747277,0.029185585921943452,0.024684193672839506,0.039290141293891294
030234,2,VILLE DE WINDSOR,70406.0,Réseaux d'aqueduc & systèmes d'irrigation,Windsor,0.02959650612305854,0.844378234,2020.0,2024.0,0.024624452658303465,0.025324215243568694,0.024375580197132617,0.02690655632716049,0.026183269862604542,0.028947702160493825,0.02959650612305854,0.029482243876941455,0.027857564814814818,0.027513202658303464,0.025139006172839505,0.025168967293906813
030234,3,VILLE DE VALCOURT,51916.0,Réseaux d'aqueduc & systèmes d'irrigation,Orford,0.020693025686977302,0.6206064,2020.0,2024.0,0.017210946833930704,0.018049945265462507,0.018818772401433693,0.018365123456790124,0.02142398446833931,0.023926080246913582,0.020693025686977302,0.020493727598566307,0.020948688271604936,0.0185514486260454,0.018611496913580248,0.018767249103942653
030234,4,Placements Paul Brouillard inc.,47429.0,Terrains de golf & country clubs,Magog,0.010327602099867725,0.03342121,2020.0,2024.0,0.0,0.0,0.0,0.00269212962962963,0.008867563657407406,0.013717967923280425,0.010327602099867725,0.010289700827721661,0.011376678240740741,0.0,0.0,0.0
030234,5,GRAYMONT (QC) INC.,44421.0,Extraction de calcaire,Dudswell,0.00819716254130843,0.21243583513524658,2020.0,2023.0,0.003980034886947702,0.005915536420914265,0.00890935121579597,0.012005647580548276,0.006242290513465147,0.0034853601532545105,0.0064538501538923924,0.00819716254130843,0.005792636502042341,0.005744167429453403,0.005852690012965712,0.008255076968611734
030234,6,GRAYMONT (QC) INC.,44633.0,Extraction de calcaire,Dudswell,0.007729140944808617,0.11859531876546264,2020.0,2023.0,0.0,0.0,0.0,0.0024319538487158686,0.004183053721632403,0.0058629797427932635,0.005987609509499124,0.007729140944808617,0.007193393670408752,0.007280609855231735,0.005144323349047959,0.002833321489703275
030234,7,VILLE DE THETFORD MINES,69150.0,Réseaux d'aqueduc & systèmes d'irrigation,Saint-Joseph-de-Coleraine,0.007688847153517692,0.45876738459761857,2020.0,2024.0,0.0068706147767863875,0.007262341565676222,0.006982882391557701,0.007139782400135436,0.007877896265119533,0.008144967246157925,0.007688847153517692,0.007585896661431221,0.008014779903360705,0.006346674426288702,0.0069315881938686414,0.006425224428015737
030234,8,COUILLARD CONSTRUCTION LIMITÉE,59162.0,Extraction de sable & de gravier,Coaticook,0.00757506767016571,0.056793,2020.0,2024.0,0.0,0.0,0.0,0.006482445987654321,0.006625520995435212,0.007239933703128148,0.0070903742283950615,0.00757506767016571,0.006841324705387205,0.006648449613431232,0.008167631172839506,0.0
030234,9,11250299 CANADA INC.,45455.0,Terrains de golf & country clubs,Drummondville,0.0054421608664772725,0.0490077424975,2020.0,2023.0,0.0,0.0,0.0,0.0014157128772290808,0.006016793544703417,0.005528561995489079,0.0054421608664772725,0.0041322893860609375,0.0041375982668951415,0.0015511050195656966,0.0,0.0
030234,10,GRAYMONT (QC) INC.,43985.0,Extraction de calcaire,Dudswell,0.005380456246361055,0.1188783274946396,2020.0,2023.0,0.0013396447916401873,0.001563469134774165,0.00422336050146057,0.009245141728479055,0.0038077823638583003,0.002418146683333231,0.0033905445924128784,0.005380456246361055,0.002953694025235032,0.002163405505508568,0.0032396702884247295,0.005482993472030832
030234,11,Scierie Clifton inc.,70815.0,Scieries & préservation du bois,Saint-Isidore-de-Clifton,0.004675,0.07428828,2020.0,2024.0,0.0,0.0,0.0,0.0,0.004662679211469534,0.004675,0.004675,0.004675,0.004675,0.004675,0.0,0.0
030234,12,GROUPE COLAS QUÉBEC INC.,55376.0,Extraction de pierre,Hatley,0.004608418513969307,0.07350093666608067,2020.0,2024.0,0.0,0.0,0.0,0.0023968371985391445,0.002849491507328684,0.002980682955975874,0.004608418513969307,0.0033619706622944542,0.0051813818945401005,0.0044195416680509435,0.002786767832519084,0.0
030234,13,GRAYMONT (QC) INC.,47236.0,Extraction de calcaire,Dudswell,0.00418789674670687,0.06817484542718126,2020.0,2023.0,0.0,0.0,0.0043943901364550154,0.008689255622356715,0.00264912501027148,0.00028507365531008766,0.0008032336637030612,0.00418789674670687,0.0021791060298832422,0.002328728329393223,0.0028036505087145665,0.0018418635802239236
030234,14,PÉPINIÈRE L'AVENIR INC.,44288.0,Culture en pépinière & arboriculture,Racine,0.004155622596372688,0.03524912597749677,2020.0,2023.0,0.0,0.0,0.0,0.0022928990392420408,0.002634433693574909,0.003465709240474821,0.004155622596372688,0.003032786701503065,0.002516703898761698,0.0020141828039821935,0.0,0.0
030234,15,VILLE DE WATERVILLE,49767.0,Réseaux d'aqueduc & systèmes d'irrigation,Hatley,0.003767449596774193,0.097488684,2020.0,2024.0,0.002961747311827957,0.0031625145388615218,0.002714938769414576,0.002604699074074074,0.0030079689366786138,0.0033885740740740742,0.003394653300477898,0.003767449596774193,0.0035507299382716044,0.003042815860215054,0.0029282916666666667,0.002548817951015532
030234,16,Bois Hunting inc.,47264.0,Scieries sauf usines de bard. & bard. de fente,Waterville,0.0033628285543608125,0.0427694,2020.0,2024.0,0.0,0.0,0.0,0.0,0.002668549790085116,0.0024942901234567905,0.003333918259657507,0.0033628285543608125,0.003839506172839506,0.004361407114729672,0.0,0.0
030234,17,CONSTRUCTION DJL INC.,57316.0,Extraction de pierre,Sherbrooke,0.002376269414575866,0.06896776,2020.0,2024.0,0.000761126045400239,0.0007611096857325306,0.0034249925328554364,0.0029933179012345676,0.002985140382317802,0.002384429012345679,0.002376269414575866,0.002376269414575866,0.002384429012345679,0.002376269414575866,0.00177554012345679,0.0015222222222222221
030234,18,1455695 B.C. LTD.,53525.0,Fab. d'autres produits en caoutchouc,Sherbrooke,0.001318698118901832,0.026713955,2022.0,2023.0,0.0009150150942993686,0.000326953125,0.00048303091397849463,0.0006261199294532628,0.0008978766273225395,0.001136568353554704,0.0012124520317126383,0.001318698118901832,0.0014011246141975308,0.0011185502538829152,0.0006867534722222223,0.0005261518919028999
030234,19,CLUB DE GOLF HERIOT INC.,44335.0,Terrains de golf & country clubs,Drummondville,0.0009810648148148148,0.00297522,2020.0,2024.0,0.0,0.0,0.0,0.0006057098765432099,0.0014912478956228957,0.001579943783068783,0.0009810648148148148,0.0005520447530864197,0.0011683304398148148,0.0018229166666666667,0.0,0.0
030234,20,CARRIÈRES P.C.M. INC.,45009.0,Extraction de minerais non métalliques,Wickham,0.0007757675438596491,0.081662,2021.0,2022.0,0.0,0.0,0.0,0.0,0.0,0.0009290261243386244,0.0007757675438596491,0.0,0.0,0.027022569444444443,0.03907899305555556,0.0
030234,21,+ 20 autres préleveurs,,,,0.0034451593308988736,,,,0.02069954093441719,0.011685459453034026,0.0017341055117584886,0.0018055486127548578,0.002941673187104972,0.0032867804445081937,0.0033278708637121983,0.003211661924758285,0.0031099411146455445,0.002656415823915765,0.01285121925655487,0.019529252245772753
030282,1,Waterville TG inc.,43786.0,Fab. d'autres produits en caoutchouc,Waterville,0.047287368827160496,0.626827368,2020.0,2024.0,0.029013637325894272,0.043303264584901816,0.036818737782921815,0.010734230559745265,0.0428112371399177,0.050364359578708016,0.047287368827160496,0.041905837251212635,0.03208489923747277,0.029185585921943452,0.024684193672839506,0.039290141293891294
030282,2,VILLE DE WINDSOR,70406.0,Réseaux d'aqueduc & systèmes d'irrigation,Windsor,0.02959650612305854,0.844378234,2020.0,2024.0,0.024624452658303465,0.025324215243568694,0.024375580197132617,0.02690655632716049,0.026183269862604542,0.028947702160493825,0.02959650612305854,0.029482243876941455,0.027857564814814818,0.027513202658303464,0.025139006172839505,0.025168967293906813
030282,3,VILLE DE VALCOURT,51916.0,Réseaux d'aqueduc & systèmes d'irrigation,Orford,0.020693025686977302,0.6206064,2020.0,2024.0,0.017210946833930704,0.018049945265462507,0.018818772401433693,0.018365123456790124,0.02142398446833931,0.023926080246913582,0.020693025686977302,0.020493727598566307,0.020948688271604936,0.0185514486260454,0.018611496913580248,0.018767249103942653
030282,4,Placements Paul Brouillard inc.,47429.0,Terrains de golf & country clubs,Magog,0.010327602099867725,0.03342121,2020.0,2024.0,0.0,0.0,0.0,0.00269212962962963,0.008867563657407406,0.013717967923280425,0.010327602099867725,0.010289700827721661,0.011376678240740741,0.0,0.0,0.0
030282,5,GRAYMONT (QC) INC.,44421.0,Extraction de calcaire,Dudswell,0.00819716254130843,0.21243583513524658,2020.0,2023.0,0.003980034886947702,0.005915536420914265,0.00890935121579597,0.012005647580548276,0.006242290513465147,0.0034853601532545105,0.0064538501538923924,0.00819716254130843,0.005792636502042341,0.005744167429453403,0.005852690012965712,0.008255076968611734
030282,6,GRAYMONT (QC) INC.,44633.0,Extraction de calcaire,Dudswell,0.007729140944808617,0.11859531876546264,2020.0,2023.0,0.0,0.0,0.0,0.0024319538487158686,0.004183053721632403,0.0058629797427932635,0.005987609509499124,0.007729140944808617,0.007193393670408752,0.007280609855231735,0.005144323349047959,0.002833321489703275
030282,7,VILLE DE THETFORD MINES,69150.0,Réseaux d'aqueduc & systèmes d'irrigation,Saint-Joseph-de-Coleraine,0.007688847153517692,0.45876738459761857,2020.0,2024.0,0.0068706147767863875,0.007262341565676222,0.006982882391557701,0.007139782400135436,0.007877896265119533,0.008144967246157925,0.007688847153517692,0.007585896661431221,0.008014779903360705,0.006346674426288702,0.0069315881938686414,0.006425224428015737
030282,8,COUILLARD CONSTRUCTION LIMITÉE,59162.0,Extraction de sable & de gravier,Coaticook,0.00757506767016571,0.056793,2020.0,2024.0,0.0,0.0,0.0,0.006482445987654321,0.006625520995435212,0.007239933703128148,0.0070903742283950615,0.00757506767016571,0.006841324705387205,0.006648449613431232,0.008167631172839506,0.0
030282,9,11250299 CANADA INC.,45455.0,Terrains de golf & country clubs,Drummondville,0.0054421608664772725,0.0490077424975,2020.0,2023.0,0.0,0.0,0.0,0.0014157128772290808,0.006016793544703417,0.005528561995489079,0.0054421608664772725,0.0041322893860609375,0.0041375982668951415,0.0015511050195656966,0.0,0.0
030282,10,GRAYMONT (QC) INC.,43985.0,Extraction de calcaire,Dudswell,0.005380456246361055,0.1188783274946396,2020.0,2023.0,0.0013396447916401873,0.001563469134774165,0.00422336050146057,0.009245141728479055,0.0038077823638583003,0.002418146683333231,0.0033905445924128784,0.005380456246361055,0.002953694025235032,0.002163405505508568,0.0032396702884247295,0.005482993472030832
030282,11,Scierie Clifton inc.,70815.0,Scieries & préservation du bois,Saint-Isidore-de-Clifton,0.004675,0.07428828,2020.0,2024.0,0.0,0.0,0.0,0.0,0.004662679211469534,0.004675,0.004675,0.004675,0.004675,0.004675,0.0,0.0
030282,12,GROUPE COLAS QUÉBEC INC.,55376.0,Extraction de pierre,Hatley,0.004608418513969307,0.07350093666608067,2020.0,2024.0,0.0,0.0,0.0,0.0023968371985391445,0.002849491507328684,0.002980682955975874,0.004608418513969307,0.0033619706622944542,0.0051813818945401005,0.0044195416680509435,0.002786767832519084,0.0
030282,13,GRAYMONT (QC) INC.,47236.0,Extraction de calcaire,Dudswell,0.00418789674670687,0.06817484542718126,2020.0,2023.0,0.0,0.0,0.0043943901364550154,0.008689255622356715,0.00264912501027148,0.00028507365531008766,0.0008032336637030612,0.00418789674670687,0.0021791060298832422,0.002328728329393223,0.0028036505087145665,0.0018418635802239236
030282,14,PÉPINIÈRE L'AVENIR INC.,44288.0,Culture en pépinière & arboriculture,Racine,0.004155622596372688,0.03524912597749677,2020.0,2023.0,0.0,0.0,0.0,0.0022928990392420408,0.002634433693574909,0.003465709240474821,0.004155622596372688,0.003032786701503065,0.002516703898761698,0.0020141828039821935,0.0,0.0
030282,15,VILLE DE WATERVILLE,49767.0,Réseaux d'aqueduc & systèmes d'irrigation,Hatley,0.003767449596774193,0.097488684,2020.0,2024.0,0.002961747311827957,0.0031625145388615218,0.002714938769414576,0.002604699074074074,0.0030079689366786138,0.0033885740740740742,0.003394653300477898,0.003767449596774193,0.0035507299382716044,0.003042815860215054,0.0029282916666666667,0.002548817951015532
030282,16,Bois Hunting inc.,47264.0,Scieries sauf usines de bard. & bard. de fente,Waterville,0.0033628285543608125,0.0427694,2020.0,2024.0,0.0,0.0,0.0,0.0,0.002668549790085116,0.0024942901234567905,0.003333918259657507,0.0033628285543608125,0.003839506172839506,0.004361407114729672,0.0,0.0
030282,17,CONSTRUCTION DJL INC.,57316.0,Extraction de pierre,Sherbrooke,0.002376269414575866,0.06896776,2020.0,2024.0,0.000761126045400239,0.0007611096857325306,0.0034249925328554364,0.0029933179012345676,0.002985140382317802,0.002384429012345679,0.002376269414575866,0.002376269414575866,0.002384429012345679,0.002376269414575866,0.00177554012345679,0.0015222222222222221
030282,18,1455695 B.C. LTD.,53525.0,Fab. d'autres produits en caoutchouc,Sherbrooke,0.001318698118901832,0.026713955,2022.0,2023.0,0.0009150150942993686,0.000326953125,0.00048303091397849463,0.0006261199294532628,0.0008978766273225395,0.001136568353554704,0.0012124520317126383,0.001318698118901832,0.0014011246141975308,0.0011185502538829152,0.0006867534722222223,0.0005261518919028999
030282,19,CLUB DE GOLF HERIOT INC.,44335.0,Terrains de golf & country clubs,Drummondville,0.0009810648148148148,0.00297522,2020.0,2024.0,0.0,0.0,0.0,0.0006057098765432099,0.0014912478956228957,0.001579943783068783,0.0009810648148148148,0.0005520447530864197,0.0011683304398148148,0.0018229166666666667,0.0,0.0
030282,20,CARRIÈRES P.C.M. INC.,45009.0,Extraction de minerais non métalliques,Wickham,0.0007757675438596491,0.081662,2021.0,2022.0,0.0,0.0,0.0,0.0,0.0,0.0009290261243386244,0.0007757675438596491,0.0,0.0,0.027022569444444443,0.03907899305555556,0.0
030282,21,+ 20 autres préleveurs,,,,0.0034451593308988736,,,,0.02069954093441719,0.011685459453034026,0.0017341055117584886,0.0018055486127548578,0.002941673187104972,0.0032867804445081937,0.0033278708637121983,0.003211661924758285,0.0031099411146455445,0.002656415823915765,0.01285121925655487,0.019529252245772753
030299_91_62,1,VILLE DE VALCOURT,51916.0,Réseaux d'aqueduc & systèmes d'irrigation,Orford,0.020693025686977302,0.6206064,2020.0,2024.0,0.017210946833930704,0.018049945265462507,0.018818772401433693,0.018365123456790124,0.02142398446833931,0.023926080246913582,0.020693025686977302,0.020493727598566307,0.020948688271604936,0.0185514486260454,0.018611496913580248,0.018767249103942653
030299_91_62,2,Placements Paul Brouillard inc.,47429.0,Terrains de golf & country clubs,Magog,0.010327602099867725,0.03342121,2020.0,2024.0,0.0,0.0,0.0,0.00269212962962963,0.008867563657407406,0.013717967923280425,0.010327602099867725,0.010289700827721661,0.011376678240740741,0.0,0.0,0.0
030299_91_62,3,GRAYMONT (QC) INC.,44421.0,Extraction de calcaire,Dudswell,0.00819716254130843,0.21243583513524658,2020.0,2023.0,0.003980034886947702,0.005915536420914265,0.00890935121579597,0.012005647580548276,0.006242290513465147,0.0034853601532545105,0.0064538501538923924,0.00819716254130843,0.005792636502042341,0.005744167429453403,0.005852690012965712,0.008255076968611734
030299_91_62,4,GRAYMONT (QC) INC.,44633.0,Extraction de calcaire,Dudswell,0.007729140944808617,0.11859531876546264,2020.0,2023.0,0.0,0.0,0.0,0.0024319538487158686,0.004183053721632403,0.0058629797427932635,0.005987609509499124,0.007729140944808617,0.007193393670408752,0.007280609855231735,0.005144323349047959,0.002833321489703275
030299_91_62,5,VILLE DE THETFORD MINES,69150.0,Réseaux d'aqueduc & systèmes d'irrigation,Saint-Joseph-de-Coleraine,0.007688847153517692,0.45876738459761857,2020.0,2024.0,0.0068706147767863875,0.007262341565676222,0.006982882391557701,0.007139782400135436,0.007877896265119533,0.008144967246157925,0.007688847153517692,0.007585896661431221,0.008014779903360705,0.006346674426288702,0.0069315881938686414,0.006425224428015737
030299_91_62,6,COUILLARD CONSTRUCTION LIMITÉE,59162.0,Extraction de sable & de gravier,Coaticook,0.00757506767016571,0.056793,2020.0,2024.0,0.0,0.0,0.0,0.006482445987654321,0.006625520995435212,0.007239933703128148,0.0070903742283950615,0.00757506767016571,0.006841324705387205,0.006648449613431232,0.008167631172839506,0.0
030299_91_62,7,GRAYMONT (QC) INC.,43985.0,Extraction de calcaire,Dudswell,0.005380456246361055,0.1188783274946396,2020.0,2023.0,0.0013396447916401873,0.001563469134774165,0.00422336050146057,0.009245141728479055,0.0038077823638583003,0.002418146683333231,0.0033905445924128784,0.005380456246361055,0.002953694025235032,0.002163405505508568,0.0032396702884247295,0.005482993472030832
030299_91_62,8,Scierie Clifton inc.,70815.0,Scieries & préservation du bois,Saint-Isidore-de-Clifton,0.004675,0.07428828,2020.0,2024.0,0.0,0.0,0.0,0.0,0.004662679211469534,0.004675,0.004675,0.004675,0.004675,0.004675,0.0,0.0
030299_91_62,9,GROUPE COLAS QUÉBEC INC.,55376.0,Extraction de pierre,Hatley,0.004608418513969307,0.07350093666608067,2020.0,2024.0,0.0,0.0,0.0,0.0023968371985391445,0.002849491507328684,0.002980682955975874,0.004608418513969307,0.0033619706622944542,0.0051813818945401005,0.0044195416680509435,0.002786767832519084,0.0
030299_91_62,10,GRAYMONT (QC) INC.,47236.0,Extraction de calcaire,Dudswell,0.00418789674670687,0.06817484542718126,2020.0,2023.0,0.0,0.0,0.0043943901364550154,0.008689255622356715,0.00264912501027148,0.00028507365531008766,0.0008032336637030612,0.00418789674670687,0.0021791060298832422,0.002328728329393223,0.0028036505087145665,0.0018418635802239236
030299_91_62,11,PÉPINIÈRE L'AVENIR INC.,44288.0,Culture en pépinière & arboriculture,Racine,0.004155622596372688,0.03524912597749677,2020.0,2023.0,0.0,0.0,0.0,0.0022928990392420408,0.002634433693574909,0.003465709240474821,0.004155622596372688,0.003032786701503065,0.002516703898761698,0.0020141828039821935,0.0,0.0
030299_91_62,12,VILLE DE WATERVILLE,49767.0,Réseaux d'aqueduc & systèmes d'irrigation,Hatley,0.003767449596774193,0.097488684,2020.0,2024.0,0.002961747311827957,0.0031625145388615218,0.002714938769414576,0.002604699074074074,0.0030079689366786138,0.0033885740740740742,0.003394653300477898,0.003767449596774193,0.0035507299382716044,0.003042815860215054,0.0029282916666666667,0.002548817951015532
030299_91_62,13,Bois Hunting inc.,47264.0,Scieries sauf usines de bard. & bard. de fente,Waterville,0.0033628285543608125,0.0427694,2020.0,2024.0,0.0,0.0,0.0,0.0,0.002668549790085116,0.0024942901234567905,0.003333918259657507,0.0033628285543608125,0.003839506172839506,0.004361407114729672,0.0,0.0
030299_91_62,14,CONSTRUCTION DJL INC.,57316.0,Extraction de pierre,Sherbrooke,0.002376269414575866,0.06896776,2020.0,2024.0,0.000761126045400239,0.0007611096857325306,0.0034249925328554364,0.0029933179012345676,0.002985140382317802,0.002384429012345679,0.002376269414575866,0.002376269414575866,0.002384429012345679,0.002376269414575866,0.00177554012345679,0.0015222222222222221
030299_91_62,15,1455695 B.C. LTD.,53525.0,Fab. d'autres produits en caoutchouc,Sherbrooke,0.001318698118901832,0.026713955,2022.0,2023.0,0.0009150150942993686,0.000326953125,0.00048303091397849463,0.0006261199294532628,0.0008978766273225395,0.001136568353554704,0.0012124520317126383,0.001318698118901832,0.0014011246141975308,0.0011185502538829152,0.0006867534722222223,0.0005261518919028999
030299_91_62,16,CLUB DE GOLF HERIOT INC.,44335.0,Terrains de golf & country clubs,Drummondville,0.0009810648148148148,0.00297522,2020.0,2024.0,0.0,0.0,0.0,0.0006057098765432099,0.0014912478956228957,0.001579943783068783,0.0009810648148148148,0.0005520447530864197,0.0011683304398148148,0.0018229166666666667,0.0,0.0
030299_91_62,17,CARRIÈRES P.C.M. INC.,45009.0,Extraction de minerais non métalliques,Wickham,0.0007757675438596491,0.081662,2021.0,2022.0,0.0,0.0,0.0,0.0,0.0,0.0009290261243386244,0.0007757675438596491,0.0,0.0,0.027022569444444443,0.03907899305555556,0.0
030299_91_62,18,GRAYMONT (QC) INC.,67057.0,Fab. de chaux,Dudswell,0.000671707196360096,0.025400442866567705,2020.0,2024.0,0.0,0.0,0.0,0.0002642454770392701,0.00042821658900902003,0.000628748625755018,0.0006669010520377009,0.000671707196360096,0.0006921999538962974,0.0006956835673900744,0.0003493914870157923,0.0
030299_91_62,19,Municipalité de Saint-Denis-de-Brompton,60230.0,Réseaux d'aqueduc & systèmes d'irrigation,Saint-Denis-de-Brompton,0.0006156003584229391,0.013412266,2020.0,2024.0,0.0003167099761051374,0.00028060860814632367,0.0003207601553166069,0.0003683942901234568,0.0004830070191158901,0.0007331882716049383,0.0006156003584229391,0.0005262724014336918,0.00042212422839506167,0.0003577240143369176,0.00029628549382716045,0.00036620519713261647
030299_91_62,20,GRAYMONT (QC) INC.,70257.0,Fab. de chaux,Dudswell,0.0005503877683163567,0.026711157750288633,2020.0,2024.0,0.00015381214705436274,6.475003612683097e-05,8.969010684999855e-05,0.0003793319932800927,0.0005433311216808009,0.0003485911746958717,0.0005389287245389623,0.0005503877683163567,0.0004988974503990676,0.000413588518082699,0.0004411024649700096,0.0006686247419239233
030299_91_62,21,+ 16 autres préleveurs,,,,0.001031799704997021,,,,0.020229018811257687,0.011340100808760875,0.0013236552495918832,0.0006208337967564826,0.0009493927628548164,0.0010060440391190324,0.0009307764259101353,0.0010134776394562217,0.0010400875375106734,0.0009819978491060746,0.011764439810741907,0.01849442230671621
030304,1,VILLE DE GRANBY,54787.0,Réseaux d'aqueduc & systèmes d'irrigation,Granby,0.048005750289260254,1.284081406067515,2020.0,2024.0,0.03655148334761693,0.03784509890219222,0.03759747402931952,0.03514327716759715,0.04265205943823602,0.04962701654490677,0.048005750289260254,0.04795214134157076,0.04175285981326732,0.03910504394593275,0.0385604343481308,0.03644711932983709
030304,2,EXCAVATION MC. B. M. INC.,46230.0,Extraction de sable & de gravier,Saint-Edmond-de-Grantham,0.017436607142857143,0.052683,2020.0,2024.0,0.0,0.0,0.0033227237654320984,0.017008439429012347,0.01937979681069959,0.015045122354497353,0.010939236111111111,0.017436607142857143,0.0095880291005291,0.01504036044973545,0.01950954861111111,0.004292534722222222
030304,3,VILLE DE COWANSVILLE,50560.0,Réseaux d'aqueduc & systèmes d'irrigation,Cowansville,0.016649342891278375,0.4871954,2020.0,2024.0,0.015414202508960573,0.01583207900018245,0.016240218040621267,0.015008024691358025,0.016058542413381123,0.01565162037037037,0.015275537634408604,0.016649342891278375,0.014729475308641975,0.013860439068100357,0.01484452160493827,0.01562514934289128
030304,4,Ville de Saint-Pie,60038.0,Réseaux d'aqueduc & systèmes d'irrigation,Saint-Paul-d'Abbotsford,0.014214877466554218,0.45998372955628014,2020.0,2024.0,0.014374626642771804,0.014558660030103995,0.01456877240143369,0.015327237654320989,0.016859220626646333,0.014051246640948919,0.012383653337479043,0.014214877466554218,0.01514114211928165,0.014402258092017506,0.014371073154780922,0.014621784187193274
030304,5,Germain Blanchard ltée,69519.0,Extraction de minerais non métalliques,Saint-Théodore-d'Acton,0.014019155092592592,0.0404276,2020.0,2024.0,0.0,0.0,0.007556712962962964,0.014847077546296295,0.004729021113916947,0.002761905468502691,0.014019155092592592,0.01030272404100529,0.00891555010893246,0.003088756613756614,0.0034414365630511465,0.023921226150392817
030304,6,VILLE DE BROMONT,50556.0,Réseaux d'aqueduc & systèmes d'irrigation,Bromont,0.013029144265232976,0.32962326,2020.0,2024.0,0.009034699820788531,0.0092647278667214,0.009025403225806451,0.009194282407407408,0.011663631272401434,0.01264730324074074,0.013029144265232976,0.012431518817204302,0.010844444444444445,0.009811178315412186,0.009215729166666667,0.009095810931899642
030304,7,VILLE DE FARNHAM,51568.0,Réseaux d'aqueduc & systèmes d'irrigation,Farnham,0.011438765681003585,0.33798165,2020.0,2024.0,0.009793537186379929,0.01011714516625616,0.009910360663082438,0.009674756944444444,0.011364258512544804,0.011491736111111112,0.011389650537634407,0.011438765681003585,0.011182175925925925,0.01093959453405018,0.010904340277777777,0.010227396953405018
030304,8,CLUB DE GOLF KNOWLTON,44340.0,Terrains de golf & country clubs,Lac-Brome,0.009493880184643708,0.024670472199999998,2020.0,2024.0,0.0,0.0,0.0,0.0,0.005004963310185185,0.010926475427350427,0.009493880184643708,0.004119098910108024,0.010209306134259261,0.0028198888888888887,0.0,0.0
030304,9,CLUB DE GOLF ACTON VALE INC.,44590.0,Terrains de golf & country clubs,Acton Vale,0.00799698945473251,0.044099156,2020.0,2024.0,0.0,0.0,0.0,0.0014111689814814813,0.005387274256414882,0.005531011812904174,0.00799698945473251,0.0045358512088477364,0.0033811975074822297,0.0007232638888888888,0.0,0.0
030304,10,VILLE D'ACTON VALE,51609.0,Réseaux d'aqueduc & systèmes d'irrigation,Acton Vale,0.005453584229390681,0.15242124,2020.0,2024.0,0.004445530913978495,0.004349510810071155,0.004510752688172043,0.004255833333333333,0.005392562724014336,0.005559317129629629,0.005453584229390681,0.005244970878136201,0.004879722222222222,0.005146012544802868,0.004535300925925926,0.004121202956989247
030304,11,LES PRODUITS CHIMIQUES ALDEX CIE LTÉE,70210.0,Fab. de résines & de caoutchouc synthétique,Granby,0.004546940276904995,0.122639575,2020.0,2023.0,0.0037440527304858622,0.0039718088624338625,0.004116013999608619,0.00367629794973545,0.00334307017871366,0.004151613718603661,0.004468680750357295,0.004546940276904995,0.004849585262345679,0.004057290849554887,0.004498223693212918,0.003795621141975309
030304,12,LE ROYAL BROMONT INC.,44321.0,Autres services de divertissement & loisirs,Bromont,0.004497592595327181,0.0299948737,2020.0,2024.0,0.0,0.0,0.0,0.0006227437383286647,0.004105426149194245,0.005853758797702054,0.004497592595327181,0.0040452447987891745,0.0033841393707912453,0.0014518740740740743,0.0,0.0
030304,13,CARRIÈRE D'ACTON VALE LTÉE,44398.0,Extraction de pierre,Acton Vale,0.00430255376344086,0.17251864,2020.0,2024.0,0.001064687873357228,0.0023700868625706984,0.0041991039426523295,0.003286944444444445,0.0018267846475507766,0.0021526350308641974,0.0029671258960573474,0.00430255376344086,0.0021942283950617284,0.0024338186977299883,0.0019073649691358024,0.004015632467144564
030304,14,CHÂTEAU BROMONT INC.,44353.0,Terrains de golf & country clubs,Bromont,0.0035944588000298688,0.0281236789475,2020.0,2023.0,0.0,0.0,0.0,2.850694444444445e-06,0.002359295909871565,0.0035411689335706855,0.0021987497774216525,0.0035944588000298688,0.0014414724402492477,0.00036824972620469926,0.0,0.0
030304,15,CLUB DE GOLF DE FARNHAM INC.,44549.0,Terrains de golf & country clubs,Farnham,0.0034846106093281547,0.015520280959396634,2020.0,2023.0,0.0,0.0,0.0,0.00040667448398919745,0.0025709386509467245,0.002041534933220719,0.0034846106093281547,0.0022842021166480783,0.0018296813035300927,0.000640989629754082,0.000359559375,0.0
030304,16,LE PARCOURS DU VIEUX VILLAGE INC.,48465.0,Terrains de golf & country clubs,Bromont,0.002762852086248315,0.029191464519999998,2020.0,2024.0,0.0,0.0,0.0,0.00023658564814814815,0.0034614458279549004,0.0039848333043981474,0.002762852086248315,0.0025323425832087477,0.0024740909997230135,0.0014729292824074073,0.0,0.0
030304,17,Nudura inc.,72408.0,Fab. de produits en mousse de polystyrène,Granby,0.0025164217917354116,0.07197833333333332,2020.0,2022.0,0.002498210255826743,0.002663277116402116,0.003212201540494551,0.004735835537918872,0.004359500018102169,0.003941755518144407,0.0025164217917354116,0.002175114279777674,0.0013902918069584734,0.0011571051658417252,0.0021104564160119715,0.0018111785416892942
030304,18,GROUPE COLAS QUÉBEC INC.,70759.0,Extraction de pierre,Saint-Alphonse-de-Granby,0.0022690869239817874,0.07726787872013974,2021.0,2024.0,0.0009827788978494624,0.0009013516865079365,0.0006667675902295136,0.008089871494007472,0.0010691798557282525,0.00040685200640927586,0.0010126095701737416,0.0022690869239817874,0.004002971412325072,0.0022444570097943225,0.0035968789853633,0.004249356368420954
030304,19,CLUB DE GOLF DE COWANSVILLE INC.,44362.0,Terrains de golf & country clubs,Cowansville,0.002111809757602264,0.0164509562,2020.0,2024.0,0.0,0.0,0.0,0.0003047093621399177,0.002298329152268297,0.0024300409802774383,0.002111809757602264,0.0018129821475822584,0.0014786764335607539,0.00046999074074074076,0.0,0.0
030304,20,LES PRÉS-VERTS M.B. LTÉE,70991.0,Toutes les autres cultures agricoles,Saint-Aimé,0.001096875,0.0020331675,2020.0,2024.0,0.0,0.0,0.0,0.0,0.0004265625,0.015859375,0.001096875,0.001008238636363636,0.0,0.0,0.0,0.0
030304,21,+ 22 autres préleveurs,,,,0.008371276074361642,,,,0.015368839755515298,0.010299624766641924,0.004113841552618323,0.005628411868684659,0.008831184237684201,0.008917167489709821,0.007768438384150284,0.006354784341150486,0.008709035603449131,0.00805788388421477,0.0133992307626747,0.021310993520496292
030316,1,VILLE DE GRANBY,54787.0,Réseaux d'aqueduc & systèmes d'irrigation,Granby,0.048005750289260254,1.284081406067515,2020.0,2024.0,0.03655148334761693,0.03784509890219222,0.03759747402931952,0.03514327716759715,0.04265205943823602,0.04962701654490677,0.048005750289260254,0.04795214134157076,0.04175285981326732,0.03910504394593275,0.0385604343481308,0.03644711932983709
030316,2,EXCAVATION MC. B. M. INC.,46230.0,Extraction de sable & de gravier,Saint-Edmond-de-Grantham,0.017436607142857143,0.052683,2020.0,2024.0,0.0,0.0,0.0033227237654320984,0.017008439429012347,0.01937979681069959,0.015045122354497353,0.010939236111111111,0.017436607142857143,0.0095880291005291,0.01504036044973545,0.01950954861111111,0.004292534722222222
030316,3,VILLE DE COWANSVILLE,50560.0,Réseaux d'aqueduc & systèmes d'irrigation,Cowansville,0.016649342891278375,0.4871954,2020.0,2024.0,0.015414202508960573,0.01583207900018245,0.016240218040621267,0.015008024691358025,0.016058542413381123,0.01565162037037037,0.015275537634408604,0.016649342891278375,0.014729475308641975,0.013860439068100357,0.01484452160493827,0.01562514934289128
030316,4,Ville de Saint-Pie,60038.0,Réseaux d'aqueduc & systèmes d'irrigation,Saint-Paul-d'Abbotsford,0.014214877466554218,0.45998372955628014,2020.0,2024.0,0.014374626642771804,0.014558660030103995,0.01456877240143369,0.015327237654320989,0.016859220626646333,0.014051246640948919,0.012383653337479043,0.014214877466554218,0.01514114211928165,0.014402258092017506,0.014371073154780922,0.014621784187193274
030316,5,Germain Blanchard ltée,69519.0,Extraction de minerais non métalliques,Saint-Théodore-d'Acton,0.014019155092592592,0.0404276,2020.0,2024.0,0.0,0.0,0.007556712962962964,0.014847077546296295,0.004729021113916947,0.002761905468502691,0.014019155092592592,0.01030272404100529,0.00891555010893246,0.003088756613756614,0.0034414365630511465,0.023921226150392817
030316,6,CLUB DE GOLF KNOWLTON,44340.0,Terrains de golf & country clubs,Lac-Brome,0.009493880184643708,0.024670472199999998,2020.0,2024.0,0.0,0.0,0.0,0.0,0.005004963310185185,0.010926475427350427,0.009493880184643708,0.004119098910108024,0.010209306134259261,0.0028198888888888887,0.0,0.0
030316,7,CLUB DE GOLF ACTON VALE INC.,44590.0,Terrains de golf & country clubs,Acton Vale,0.00799698945473251,0.044099156,2020.0,2024.0,0.0,0.0,0.0,0.0014111689814814813,0.005387274256414882,0.005531011812904174,0.00799698945473251,0.0045358512088477364,0.0033811975074822297,0.0007232638888888888,0.0,0.0
030316,8,LES PRODUITS CHIMIQUES ALDEX CIE LTÉE,70210.0,Fab. de résines & de caoutchouc synthétique,Granby,0.004546940276904995,0.122639575,2020.0,2023.0,0.0037440527304858622,0.0039718088624338625,0.004116013999608619,0.00367629794973545,0.00334307017871366,0.004151613718603661,0.004468680750357295,0.004546940276904995,0.004849585262345679,0.004057290849554887,0.004498223693212918,0.003795621141975309
030316,9,LE ROYAL BROMONT INC.,44321.0,Autres services de divertissement & loisirs,Bromont,0.004497592595327181,0.0299948737,2020.0,2024.0,0.0,0.0,0.0,0.0006227437383286647,0.004105426149194245,0.005853758797702054,0.004497592595327181,0.0040452447987891745,0.0033841393707912453,0.0014518740740740743,0.0,0.0
030316,10,CARRIÈRE D'ACTON VALE LTÉE,44398.0,Extraction de pierre,Acton Vale,0.00430255376344086,0.17251864,2020.0,2024.0,0.001064687873357228,0.0023700868625706984,0.0041991039426523295,0.003286944444444445,0.0018267846475507766,0.0021526350308641974,0.0029671258960573474,0.00430255376344086,0.0021942283950617284,0.0024338186977299883,0.0019073649691358024,0.004015632467144564
030316,11,CHÂTEAU BROMONT INC.,44353.0,Terrains de golf & country clubs,Bromont,0.0035944588000298688,0.0281236789475,2020.0,2023.0,0.0,0.0,0.0,2.850694444444445e-06,0.002359295909871565,0.0035411689335706855,0.0021987497774216525,0.0035944588000298688,0.0014414724402492477,0.00036824972620469926,0.0,0.0
030316,12,CLUB DE GOLF DE FARNHAM INC.,44549.0,Terrains de golf & country clubs,Farnham,0.0034846106093281547,0.015520280959396634,2020.0,2023.0,0.0,0.0,0.0,0.00040667448398919745,0.0025709386509467245,0.002041534933220719,0.0034846106093281547,0.0022842021166480783,0.0018296813035300927,0.000640989629754082,0.000359559375,0.0
030316,13,LE PARCOURS DU VIEUX VILLAGE INC.,48465.0,Terrains de golf & country clubs,Bromont,0.002762852086248315,0.029191464519999998,2020.0,2024.0,0.0,0.0,0.0,0.00023658564814814815,0.0034614458279549004,0.0039848333043981474,0.002762852086248315,0.0025323425832087477,0.0024740909997230135,0.0014729292824074073,0.0,0.0
030316,14,Nudura inc.,72408.0,Fab. de produits en mousse de polystyrène,Granby,0.0025164217917354116,0.07197833333333332,2020.0,2022.0,0.002498210255826743,0.002663277116402116,0.003212201540494551,0.004735835537918872,0.004359500018102169,0.003941755518144407,0.0025164217917354116,0.002175114279777674,0.0013902918069584734,0.0011571051658417252,0.0021104564160119715,0.0018111785416892942
030316,15,GROUPE COLAS QUÉBEC INC.,70759.0,Extraction de pierre,Saint-Alphonse-de-Granby,0.0022690869239817874,0.07726787872013974,2021.0,2024.0,0.0009827788978494624,0.0009013516865079365,0.0006667675902295136,0.008089871494007472,0.0010691798557282525,0.00040685200640927586,0.0010126095701737416,0.0022690869239817874,0.004002971412325072,0.0022444570097943225,0.0035968789853633,0.004249356368420954
030316,16,CLUB DE GOLF DE COWANSVILLE INC.,44362.0,Terrains de golf & country clubs,Cowansville,0.002111809757602264,0.0164509562,2020.0,2024.0,0.0,0.0,0.0,0.0003047093621399177,0.002298329152268297,0.0024300409802774383,0.002111809757602264,0.0018129821475822584,0.0014786764335607539,0.00046999074074074076,0.0,0.0
030316,17,LES PRÉS-VERTS M.B. LTÉE,70991.0,Toutes les autres cultures agricoles,Saint-Aimé,0.001096875,0.0020331675,2020.0,2024.0,0.0,0.0,0.0,0.0,0.0004265625,0.015859375,0.001096875,0.001008238636363636,0.0,0.0,0.0,0.0
030316,18,Information personnelle,58194.0,Terrains de golf & country clubs,Lac-Brome,0.00097041374312016,0.0031947530384981997,2020.0,2023.0,0.0,0.0,0.0,0.0,0.0010074774947340564,0.0013096500265891585,0.00097041374312016,0.0007665245385747055,1.9271387764618303e-05,0.0001931002656455533,0.0,0.0
030316,19,COMPLEXE SPORTIF LA CLINIQUE DU SPORT INC.,44302.0,Réseaux d'aqueduc & systèmes d'irrigation,Saint-Césaire,0.0009001066308243728,0.01051221,2020.0,2024.0,0.0,0.0,0.0,0.0023583333333333334,0.0010578657034050179,0.0013780092592592592,0.0009001066308243728,0.0008340237319048068,0.0006789293981481481,6.713709677419355e-05,0.0,0.0
030316,20,"SKI BROMONT.COM, SOCIÉTÉ EN COMMANDITE",48485.0,Centres de ski,Bromont,0.0008946064814814815,0.0032666812326142855,2020.0,2024.0,0.0003386880107595552,0.00010437355552046272,0.00016116701647219848,0.0004495503735645219,0.0003150462962962963,0.0009102876822169453,0.0008946064814814815,0.000671875,0.0007056018518518519,0.00016797839506172842,0.00036604302639346275,0.0008016807161947574
030316,21,+ 18 autres préleveurs,,,,0.004787609382053956,,,,0.015030151744755742,0.010195251211121463,0.003952674536146124,0.0028205281617868037,0.006401885931065568,0.0047526189424239315,0.004184771691842598,0.0036281616208431594,0.006945139836042435,0.007305292352517461,0.012888527218409022,0.020500469194765274
030335,1,VILLE DE GRANBY,54787.0,Réseaux d'aqueduc & systèmes d'irrigation,Granby,0.048005750289260254,1.284081406067515,2020.0,2024.0,0.03655148334761693,0.03784509890219222,0.03759747402931952,0.03514327716759715,0.04265205943823602,0.04962701654490677,0.048005750289260254,0.04795214134157076,0.04175285981326732,0.03910504394593275,0.0385604343481308,0.03644711932983709
030335,2,EXCAVATION MC. B. M. INC.,46230.0,Extraction de sable & de gravier,Saint-Edmond-de-Grantham,0.017436607142857143,0.052683,2020.0,2024.0,0.0,0.0,0.0033227237654320984,0.017008439429012347,0.01937979681069959,0.015045122354497353,0.010939236111111111,0.017436607142857143,0.0095880291005291,0.01504036044973545,0.01950954861111111,0.004292534722222222
030335,3,Ville de Saint-Pie,60038.0,Réseaux d'aqueduc & systèmes d'irrigation,Saint-Paul-d'Abbotsford,0.014214877466554218,0.45998372955628014,2020.0,2024.0,0.014374626642771804,0.014558660030103995,0.01456877240143369,0.015327237654320989,0.016859220626646333,0.014051246640948919,0.012383653337479043,0.014214877466554218,0.01514114211928165,0.014402258092017506,0.014371073154780922,0.014621784187193274
030335,4,Germain Blanchard ltée,69519.0,Extraction de minerais non métalliques,Saint-Théodore-d'Acton,0.014019155092592592,0.0404276,2020.0,2024.0,0.0,0.0,0.007556712962962964,0.014847077546296295,0.004729021113916947,0.002761905468502691,0.014019155092592592,0.01030272404100529,0.00891555010893246,0.003088756613756614,0.0034414365630511465,0.023921226150392817
030335,5,CLUB DE GOLF KNOWLTON,44340.0,Terrains de golf & country clubs,Lac-Brome,0.009493880184643708,0.024670472199999998,2020.0,2024.0,0.0,0.0,0.0,0.0,0.005004963310185185,0.010926475427350427,0.009493880184643708,0.004119098910108024,0.010209306134259261,0.0028198888888888887,0.0,0.0
030335,6,CLUB DE GOLF DE FARNHAM INC.,44549.0,Terrains de golf & country clubs,Farnham,0.0034846106093281547,0.015520280959396634,2020.0,2023.0,0.0,0.0,0.0,0.00040667448398919745,0.0025709386509467245,0.002041534933220719,0.0034846106093281547,0.0022842021166480783,0.0018296813035300927,0.000640989629754082,0.000359559375,0.0
030335,7,LE PARCOURS DU VIEUX VILLAGE INC.,48465.0,Terrains de golf & country clubs,Bromont,0.002762852086248315,0.029191464519999998,2020.0,2024.0,0.0,0.0,0.0,0.00023658564814814815,0.0034614458279549004,0.0039848333043981474,0.002762852086248315,0.0025323425832087477,0.0024740909997230135,0.0014729292824074073,0.0,0.0
030335,8,GROUPE COLAS QUÉBEC INC.,70759.0,Extraction de pierre,Saint-Alphonse-de-Granby,0.0022690869239817874,0.07726787872013974,2021.0,2024.0,0.0009827788978494624,0.0009013516865079365,0.0006667675902295136,0.008089871494007472,0.0010691798557282525,0.00040685200640927586,0.0010126095701737416,0.0022690869239817874,0.004002971412325072,0.0022444570097943225,0.0035968789853633,0.004249356368420954
030335,9,CLUB DE GOLF DE COWANSVILLE INC.,44362.0,Terrains de golf & country clubs,Cowansville,0.002111809757602264,0.0164509562,2020.0,2024.0,0.0,0.0,0.0,0.0003047093621399177,0.002298329152268297,0.0024300409802774383,0.002111809757602264,0.0018129821475822584,0.0014786764335607539,0.00046999074074074076,0.0,0.0
030335,10,LES PRÉS-VERTS M.B. LTÉE,70991.0,Toutes les autres cultures agricoles,Saint-Aimé,0.001096875,0.0020331675,2020.0,2024.0,0.0,0.0,0.0,0.0,0.0004265625,0.015859375,0.001096875,0.001008238636363636,0.0,0.0,0.0,0.0
030335,11,Information personnelle,58194.0,Terrains de golf & country clubs,Lac-Brome,0.00097041374312016,0.0031947530384981997,2020.0,2023.0,0.0,0.0,0.0,0.0,0.0010074774947340564,0.0013096500265891585,0.00097041374312016,0.0007665245385747055,1.9271387764618303e-05,0.0001931002656455533,0.0,0.0
030335,12,"SKI BROMONT.COM, SOCIÉTÉ EN COMMANDITE",48486.0,Centres de ski,Bromont,0.000892476851851852,0.0029491273777112704,2020.0,2024.0,0.0003501324970897453,0.0006413345656984113,0.0006712504372569148,0.00015556889208304036,0.00039375,0.0011907982274844352,0.000892476851851852,0.0,0.00030185185185185187,0.00013801633964520937,0.0003970300944987046,0.00018378431062811038
030335,13,ContiTech Canada inc.,44768.0,Fab. tuyaux & courroies de caoutchouc & plast.,Saint-Alphonse-de-Granby,0.0008898095878136201,0.029562202,2020.0,2024.0,0.0009737402927120668,0.0010638460705163291,0.0009636820489844683,0.001026648148148148,0.0009380742234169654,0.0008362639421030226,0.0008898095878136201,0.0008400395758661888,0.0009648881172839507,0.00100156660692951,0.001061929012345679,0.0007036544205495818
030335,14,Information personnelle,67091.0,Terrains de golf & country clubs,Lac-Brome,0.0008357484969080389,0.0029901751679986322,2020.0,2023.0,0.0,0.0,0.0,0.0,0.0009019692087492078,0.0009280595317974919,0.0005636265745595539,0.0008357484969080389,0.0010003553851617038,0.0003964231823122199,0.0,0.0
030335,15,Golf Granby Saint-Paul.ca inc.,44308.0,Terrains de golf & country clubs,Granby,0.0003690510183148691,0.0020345535,2020.0,2024.0,0.0,0.0,0.0,0.0,0.00024090651135005972,0.00029554611111111114,0.0003690510183148691,0.0003433156944444444,0.0002739204166666667,0.00016475694444444445,0.0,0.0
030335,16,GOLF WATERLOO.COM INC.,44293.0,Terrains de golf & country clubs,Shefford,0.00034602962589605734,0.00154314126,2020.0,2024.0,0.0,0.0,0.0,0.0,0.00018847307347670252,0.00023334944444444445,0.00034602962589605734,0.00022082645833333337,8.767354166666667e-05,0.00010856574074074073,0.0,0.0
030335,17,VILLE DE GRANBY,54788.0,Réseaux d'aqueduc & systèmes d'irrigation,Shefford,0.00031647199759308136,0.01624161331786738,2020.0,2024.0,0.0007271674553230705,0.0006665416706893689,0.0005968581213864184,0.0008463682853175468,0.0005034992817793003,0.0002778343648064971,0.00021055934502292017,0.00031647199759308136,0.0005041819511479392,0.0005310095422603547,0.0004192068537357058,0.0005898356260181829
030335,18,Ferme C.M.J.I. Robert inc.,72162.0,Culture de fruits & de noix,Rougemont,0.00029506249999999997,0.0021720789,2020.0,2020.0,0.0,0.0,0.0,0.0004916666666666666,0.00037333779761904764,0.00032368898809523815,0.00022049833333333336,0.00029506249999999997,0.00033288194444444446,4.90625e-05,0.0,0.0
030335,19,Ferme C.M.J.I. Robert inc.,71120.0,Culture de fruits & de noix,Rougemont,0.00023598078618911953,0.0011173865,2021.0,2024.0,0.0,0.0,0.0,0.0001769317680776014,0.00024753922925309645,0.0001795227870022278,0.00023598078618911953,0.00020777252987496043,3.7880979938271604e-05,0.0,0.0,0.0
030335,20,GROUPE COLAS QUÉBEC INC.,70761.0,Extraction de pierre,Saint-Alphonse-de-Granby,0.00015023894862604539,0.006750266188470665,2021.0,2022.0,2.773291345241432e-07,1.7634461938897423e-06,5.807779105270144e-07,2.7897098142155254e-06,0.0022961360430445396,0.0,0.0,0.00015023894862604539,3.366126543209877e-05,3.615964755077658e-05,0.0,0.0
030335,21,+ 8 autres préleveurs,,,,0.00045673956886127233,,,,0.0016606026432066392,0.0026911991916777757,0.00016351302715100557,0.00012055469167958444,0.0003182005623766493,0.0004875555455794638,0.00045673956886127233,0.0004186854191970668,0.0007808271866816453,0.0006763276963632121,0.00028812280165289254,0.0020396795465478924
030340,1,VILLE DE GRANBY,54787.0,Réseaux d'aqueduc & systèmes d'irrigation,Granby,0.048005750289260254,1.284081406067515,2020.0,2024.0,0.03655148334761693,0.03784509890219222,0.03759747402931952,0.03514327716759715,0.04265205943823602,0.04962701654490677,0.048005750289260254,0.04795214134157076,0.04175285981326732,0.03910504394593275,0.0385604343481308,0.03644711932983709
030340,2,EXCAVATION MC. B. M. INC.,46230.0,Extraction de sable & de gravier,Saint-Edmond-de-Grantham,0.017436607142857143,0.052683,2020.0,2024.0,0.0,0.0,0.0033227237654320984,0.017008439429012347,0.01937979681069959,0.015045122354497353,0.010939236111111111,0.017436607142857143,0.0095880291005291,0.01504036044973545,0.01950954861111111,0.004292534722222222
030340,3,VILLE DE COWANSVILLE,50560.0,Réseaux d'aqueduc & systèmes d'irrigation,Cowansville,0.016649342891278375,0.4871954,2020.0,2024.0,0.015414202508960573,0.01583207900018245,0.016240218040621267,0.015008024691358025,0.016058542413381123,0.01565162037037037,0.015275537634408604,0.016649342891278375,0.014729475308641975,0.013860439068100357,0.01484452160493827,0.01562514934289128
030340,4,Ville de Saint-Pie,60038.0,Réseaux d'aqueduc & systèmes d'irrigation,Saint-Paul-d'Abbotsford,0.014214877466554218,0.45998372955628014,2020.0,2024.0,0.014374626642771804,0.014558660030103995,0.01456877240143369,0.015327237654320989,0.016859220626646333,0.014051246640948919,0.012383653337479043,0.014214877466554218,0.01514114211928165,0.014402258092017506,0.014371073154780922,0.014621784187193274
030340,5,Germain Blanchard ltée,69519.0,Extraction de minerais non métalliques,Saint-Théodore-d'Acton,0.014019155092592592,0.0404276,2020.0,2024.0,0.0,0.0,0.007556712962962964,0.014847077546296295,0.004729021113916947,0.002761905468502691,0.014019155092592592,0.01030272404100529,0.00891555010893246,0.003088756613756614,0.0034414365630511465,0.023921226150392817
030340,6,CLUB DE GOLF KNOWLTON,44340.0,Terrains de golf & country clubs,Lac-Brome,0.009493880184643708,0.024670472199999998,2020.0,2024.0,0.0,0.0,0.0,0.0,0.005004963310185185,0.010926475427350427,0.009493880184643708,0.004119098910108024,0.010209306134259261,0.0028198888888888887,0.0,0.0
030340,7,CLUB DE GOLF ACTON VALE INC.,44590.0,Terrains de golf & country clubs,Acton Vale,0.00799698945473251,0.044099156,2020.0,2024.0,0.0,0.0,0.0,0.0014111689814814813,0.005387274256414882,0.005531011812904174,0.00799698945473251,0.0045358512088477364,0.0033811975074822297,0.0007232638888888888,0.0,0.0
030340,8,LES PRODUITS CHIMIQUES ALDEX CIE LTÉE,70210.0,Fab. de résines & de caoutchouc synthétique,Granby,0.004546940276904995,0.122639575,2020.0,2023.0,0.0037440527304858622,0.0039718088624338625,0.004116013999608619,0.00367629794973545,0.00334307017871366,0.004151613718603661,0.004468680750357295,0.004546940276904995,0.004849585262345679,0.004057290849554887,0.004498223693212918,0.003795621141975309
030340,9,CARRIÈRE D'ACTON VALE LTÉE,44398.0,Extraction de pierre,Acton Vale,0.00430255376344086,0.17251864,2020.0,2024.0,0.001064687873357228,0.0023700868625706984,0.0041991039426523295,0.003286944444444445,0.0018267846475507766,0.0021526350308641974,0.0029671258960573474,0.00430255376344086,0.0021942283950617284,0.0024338186977299883,0.0019073649691358024,0.004015632467144564
030340,10,CLUB DE GOLF DE FARNHAM INC.,44549.0,Terrains de golf & country clubs,Farnham,0.0034846106093281547,0.015520280959396634,2020.0,2023.0,0.0,0.0,0.0,0.00040667448398919745,0.0025709386509467245,0.002041534933220719,0.0034846106093281547,0.0022842021166480783,0.0018296813035300927,0.000640989629754082,0.000359559375,0.0
030340,11,LE PARCOURS DU VIEUX VILLAGE INC.,48465.0,Terrains de golf & country clubs,Bromont,0.002762852086248315,0.029191464519999998,2020.0,2024.0,0.0,0.0,0.0,0.00023658564814814815,0.0034614458279549004,0.0039848333043981474,0.002762852086248315,0.0025323425832087477,0.0024740909997230135,0.0014729292824074073,0.0,0.0
030340,12,Nudura inc.,72408.0,Fab. de produits en mousse de polystyrène,Granby,0.0025164217917354116,0.07197833333333332,2020.0,2022.0,0.002498210255826743,0.002663277116402116,0.003212201540494551,0.004735835537918872,0.004359500018102169,0.003941755518144407,0.0025164217917354116,0.002175114279777674,0.0013902918069584734,0.0011571051658417252,0.0021104564160119715,0.0018111785416892942
030340,13,GROUPE COLAS QUÉBEC INC.,70759.0,Extraction de pierre,Saint-Alphonse-de-Granby,0.0022690869239817874,0.07726787872013974,2021.0,2024.0,0.0009827788978494624,0.0009013516865079365,0.0006667675902295136,0.008089871494007472,0.0010691798557282525,0.00040685200640927586,0.0010126095701737416,0.0022690869239817874,0.004002971412325072,0.0022444570097943225,0.0035968789853633,0.004249356368420954
030340,14,CLUB DE GOLF DE COWANSVILLE INC.,44362.0,Terrains de golf & country clubs,Cowansville,0.002111809757602264,0.0164509562,2020.0,2024.0,0.0,0.0,0.0,0.0003047093621399177,0.002298329152268297,0.0024300409802774383,0.002111809757602264,0.0018129821475822584,0.0014786764335607539,0.00046999074074074076,0.0,0.0
030340,15,LES PRÉS-VERTS M.B. LTÉE,70991.0,Toutes les autres cultures agricoles,Saint-Aimé,0.001096875,0.0020331675,2020.0,2024.0,0.0,0.0,0.0,0.0,0.0004265625,0.015859375,0.001096875,0.001008238636363636,0.0,0.0,0.0,0.0
030340,16,Information personnelle,58194.0,Terrains de golf & country clubs,Lac-Brome,0.00097041374312016,0.0031947530384981997,2020.0,2023.0,0.0,0.0,0.0,0.0,0.0010074774947340564,0.0013096500265891585,0.00097041374312016,0.0007665245385747055,1.9271387764618303e-05,0.0001931002656455533,0.0,0.0
030340,17,COMPLEXE SPORTIF LA CLINIQUE DU SPORT INC.,44302.0,Réseaux d'aqueduc & systèmes d'irrigation,Saint-Césaire,0.0009001066308243728,0.01051221,2020.0,2024.0,0.0,0.0,0.0,0.0023583333333333334,0.0010578657034050179,0.0013780092592592592,0.0009001066308243728,0.0008340237319048068,0.0006789293981481481,6.713709677419355e-05,0.0,0.0
030340,18,"SKI BROMONT.COM, SOCIÉTÉ EN COMMANDITE",48486.0,Centres de ski,Bromont,0.000892476851851852,0.0029491273777112704,2020.0,2024.0,0.0003501324970897453,0.0006413345656984113,0.0006712504372569148,0.00015556889208304036,0.00039375,0.0011907982274844352,0.000892476851851852,0.0,0.00030185185185185187,0.00013801633964520937,0.0003970300944987046,0.00018378431062811038
030340,19,ContiTech Canada inc.,44768.0,Fab. tuyaux & courroies de caoutchouc & plast.,Saint-Alphonse-de-Granby,0.0008898095878136201,0.029562202,2020.0,2024.0,0.0009737402927120668,0.0010638460705163291,0.0009636820489844683,0.001026648148148148,0.0009380742234169654,0.0008362639421030226,0.0008898095878136201,0.0008400395758661888,0.0009648881172839507,0.00100156660692951,0.001061929012345679,0.0007036544205495818
030340,20,Information personnelle,67091.0,Terrains de golf & country clubs,Lac-Brome,0.0008357484969080389,0.0029901751679986322,2020.0,2023.0,0.0,0.0,0.0,0.0,0.0009019692087492078,0.0009280595317974919,0.0005636265745595539,0.0008357484969080389,0.0010003553851617038,0.0003964231823122199,0.0,0.0
030340,21,+ 14 autres préleveurs,,,,0.002169574445480445,,,,0.002388047427664234,0.003359504308561034,0.000760951926447951,0.0016383111215556147,0.004168092498899395,0.0017974972410389825,0.001838858677617572,0.0019523735480689315,0.002051027285977733,0.0015658820713595287,0.0007073296553885985,0.0026295151725660754
030343,1,VILLE DE GRANBY,54787.0,Réseaux d'aqueduc & systèmes d'irrigation,Granby,0.048005750289260254,1.284081406067515,2020.0,2024.0,0.03655148334761693,0.03784509890219222,0.03759747402931952,0.03514327716759715,0.04265205943823602,0.04962701654490677,0.048005750289260254,0.04795214134157076,0.04175285981326732,0.03910504394593275,0.0385604343481308,0.03644711932983709
030343,2,Ville de Saint-Pie,60038.0,Réseaux d'aqueduc & systèmes d'irrigation,Saint-Paul-d'Abbotsford,0.014214877466554218,0.45998372955628014,2020.0,2024.0,0.014374626642771804,0.014558660030103995,0.01456877240143369,0.015327237654320989,0.016859220626646333,0.014051246640948919,0.012383653337479043,0.014214877466554218,0.01514114211928165,0.014402258092017506,0.014371073154780922,0.014621784187193274
030343,3,Germain Blanchard ltée,69519.0,Extraction de minerais non métalliques,Saint-Théodore-d'Acton,0.014019155092592592,0.0404276,2020.0,2024.0,0.0,0.0,0.007556712962962964,0.014847077546296295,0.004729021113916947,0.002761905468502691,0.014019155092592592,0.01030272404100529,0.00891555010893246,0.003088756613756614,0.0034414365630511465,0.023921226150392817
030343,4,CLUB DE GOLF DE FARNHAM INC.,44549.0,Terrains de golf & country clubs,Farnham,0.0034846106093281547,0.015520280959396634,2020.0,2023.0,0.0,0.0,0.0,0.00040667448398919745,0.0025709386509467245,0.002041534933220719,0.0034846106093281547,0.0022842021166480783,0.0018296813035300927,0.000640989629754082,0.000359559375,0.0
030343,5,LE PARCOURS DU VIEUX VILLAGE INC.,48465.0,Terrains de golf & country clubs,Bromont,0.002762852086248315,0.029191464519999998,2020.0,2024.0,0.0,0.0,0.0,0.00023658564814814815,0.0034614458279549004,0.0039848333043981474,0.002762852086248315,0.0025323425832087477,0.0024740909997230135,0.0014729292824074073,0.0,0.0
030343,6,GROUPE COLAS QUÉBEC INC.,70759.0,Extraction de pierre,Saint-Alphonse-de-Granby,0.0022690869239817874,0.07726787872013974,2021.0,2024.0,0.0009827788978494624,0.0009013516865079365,0.0006667675902295136,0.008089871494007472,0.0010691798557282525,0.00040685200640927586,0.0010126095701737416,0.0022690869239817874,0.004002971412325072,0.0022444570097943225,0.0035968789853633,0.004249356368420954
030343,7,CLUB DE GOLF DE COWANSVILLE INC.,44362.0,Terrains de golf & country clubs,Cowansville,0.002111809757602264,0.0164509562,2020.0,2024.0,0.0,0.0,0.0,0.0003047093621399177,0.002298329152268297,0.0024300409802774383,0.002111809757602264,0.0018129821475822584,0.0014786764335607539,0.00046999074074074076,0.0,0.0
030343,8,LES PRÉS-VERTS M.B. LTÉE,70991.0,Toutes les autres cultures agricoles,Saint-Aimé,0.001096875,0.0020331675,2020.0,2024.0,0.0,0.0,0.0,0.0,0.0004265625,0.015859375,0.001096875,0.001008238636363636,0.0,0.0,0.0,0.0
030343,9,Information personnelle,58194.0,Terrains de golf & country clubs,Lac-Brome,0.00097041374312016,0.0031947530384981997,2020.0,2023.0,0.0,0.0,0.0,0.0,0.0010074774947340564,0.0013096500265891585,0.00097041374312016,0.0007665245385747055,1.9271387764618303e-05,0.0001931002656455533,0.0,0.0
030343,10,"SKI BROMONT.COM, SOCIÉTÉ EN COMMANDITE",48486.0,Centres de ski,Bromont,0.000892476851851852,0.0029491273777112704,2020.0,2024.0,0.0003501324970897453,0.0006413345656984113,0.0006712504372569148,0.00015556889208304036,0.00039375,0.0011907982274844352,0.000892476851851852,0.0,0.00030185185185185187,0.00013801633964520937,0.0003970300944987046,0.00018378431062811038
030343,11,ContiTech Canada inc.,44768.0,Fab. tuyaux & courroies de caoutchouc & plast.,Saint-Alphonse-de-Granby,0.0008898095878136201,0.029562202,2020.0,2024.0,0.0009737402927120668,0.0010638460705163291,0.0009636820489844683,0.001026648148148148,0.0009380742234169654,0.0008362639421030226,0.0008898095878136201,0.0008400395758661888,0.0009648881172839507,0.00100156660692951,0.001061929012345679,0.0007036544205495818
030343,12,Information personnelle,67091.0,Terrains de golf & country clubs,Lac-Brome,0.0008357484969080389,0.0029901751679986322,2020.0,2023.0,0.0,0.0,0.0,0.0,0.0009019692087492078,0.0009280595317974919,0.0005636265745595539,0.0008357484969080389,0.0010003553851617038,0.0003964231823122199,0.0,0.0
030343,13,GOLF WATERLOO.COM INC.,44293.0,Terrains de golf & country clubs,Shefford,0.00034602962589605734,0.00154314126,2020.0,2024.0,0.0,0.0,0.0,0.0,0.00018847307347670252,0.00023334944444444445,0.00034602962589605734,0.00022082645833333337,8.767354166666667e-05,0.00010856574074074073,0.0,0.0
030343,14,VILLE DE GRANBY,54788.0,Réseaux d'aqueduc & systèmes d'irrigation,Shefford,0.00031647199759308136,0.01624161331786738,2020.0,2024.0,0.0007271674553230705,0.0006665416706893689,0.0005968581213864184,0.0008463682853175468,0.0005034992817793003,0.0002778343648064971,0.00021055934502292017,0.00031647199759308136,0.0005041819511479392,0.0005310095422603547,0.0004192068537357058,0.0005898356260181829
030343,15,Ferme C.M.J.I. Robert inc.,72162.0,Culture de fruits & de noix,Rougemont,0.00029506249999999997,0.0021720789,2020.0,2020.0,0.0,0.0,0.0,0.0004916666666666666,0.00037333779761904764,0.00032368898809523815,0.00022049833333333336,0.00029506249999999997,0.00033288194444444446,4.90625e-05,0.0,0.0
030343,16,Ferme C.M.J.I. Robert inc.,71120.0,Culture de fruits & de noix,Rougemont,0.00023598078618911953,0.0011173865,2021.0,2024.0,0.0,0.0,0.0,0.0001769317680776014,0.00024753922925309645,0.0001795227870022278,0.00023598078618911953,0.00020777252987496043,3.7880979938271604e-05,0.0,0.0,0.0
030343,17,GROUPE COLAS QUÉBEC INC.,70761.0,Extraction de pierre,Saint-Alphonse-de-Granby,0.00015023894862604539,0.006750266188470665,2021.0,2022.0,2.773291345241432e-07,1.7634461938897423e-06,5.807779105270144e-07,2.7897098142155254e-06,0.0022961360430445396,0.0,0.0,0.00015023894862604539,3.366126543209877e-05,3.615964755077658e-05,0.0,0.0
030343,18,BOMBARDIER PRODUITS RÉCRÉATIFS INC.,70867.0,Fab. d'autres types de matériel de transport,Maricourt,0.00012722514998436143,0.013918161262235646,2020.0,2024.0,0.0015326586229250437,0.0025563821654989265,3.054874263211656e-05,1.151193614137345e-05,9.515089261113848e-05,0.0001365466064429118,0.00012722514998436143,0.00011421501388584175,0.00046225096922141855,0.0004651536065057225,0.00016788209468140858,0.0019372957124462408
030343,19,MUNICIPALITÉ DE ROUGEMONT,69886.0,Activités de soutien aux cultures agricoles,Rougemont,0.00010672368150212619,0.001429243542676474,2020.0,2021.0,0.0,0.0,0.0,0.0,5.4542993153324704e-05,0.00011028113755219706,0.00010672368150212619,0.00010672368150212619,0.00011028113755219706,5.2180688348801494e-05,0.0,0.0
030343,20,MUNICIPALITÉ DE ROUGEMONT,69884.0,Activités de soutien aux cultures agricoles,Rougemont,0.00010220905454237073,0.003285080780235429,2020.0,2021.0,0.00010220905454237073,0.00011152664670567401,0.00010220905454237073,0.00010561602302711641,0.00010220905454237073,0.00010561602302711641,0.00010220905454237073,0.00010220905454237073,0.00010561602302711641,0.00010220905454237073,0.00010561602302711641,0.00010220905454237073
030343,21,+ 5 autres préleveurs,,,,0.000120581682832414,,,,2.573496573922478e-05,2.329037947317518e-05,3.075522997651827e-05,3.426732511094576e-06,6.629762206981537e-05,0.00013511177855723855,0.000120581682832414,9.553766926672811e-05,0.00010267905688091325,5.678434696631741e-05,1.4624683944367539e-05,1.7477955928085704e-07
030345_41_34,1,VILLE DE GRANBY,54787.0,Réseaux d'aqueduc & systèmes d'irrigation,Granby,0.048005750289260254,1.284081406067515,2020.0,2024.0,0.03655148334761693,0.03784509890219222,0.03759747402931952,0.03514327716759715,0.04265205943823602,0.04962701654490677,0.048005750289260254,0.04795214134157076,0.04175285981326732,0.03910504394593275,0.0385604343481308,0.03644711932983709
030345_41_34,2,EXCAVATION MC. B. M. INC.,46230.0,Extraction de sable & de gravier,Saint-Edmond-de-Grantham,0.017436607142857143,0.052683,2020.0,2024.0,0.0,0.0,0.0033227237654320984,0.017008439429012347,0.01937979681069959,0.015045122354497353,0.010939236111111111,0.017436607142857143,0.0095880291005291,0.01504036044973545,0.01950954861111111,0.004292534722222222
030345_41_34,3,VILLE DE COWANSVILLE,50560.0,Réseaux d'aqueduc & systèmes d'irrigation,Cowansville,0.016649342891278375,0.4871954,2020.0,2024.0,0.015414202508960573,0.01583207900018245,0.016240218040621267,0.015008024691358025,0.016058542413381123,0.01565162037037037,0.015275537634408604,0.016649342891278375,0.014729475308641975,0.013860439068100357,0.01484452160493827,0.01562514934289128
030345_41_34,4,VILLE DE SAINT-HYACINTHE,60248.0,Réseaux d'aqueduc & systèmes d'irrigation,Saint-Hyacinthe,0.016025313620071684,0.4549625,2020.0,2024.0,0.013037410394265234,0.013188309615033752,0.013079413082437274,0.013095061728395061,0.015318324372759859,0.016758333333333333,0.015977859916367982,0.016025313620071684,0.015379822530864196,0.014317390979689367,0.01370906635802469,0.012987380525686978
030345_41_34,5,VILLE DE SAINT-HYACINTHE,53861.0,Réseaux d'aqueduc & systèmes d'irrigation,Saint-Hyacinthe,0.016025313620071684,0.4552138,2020.0,2024.0,0.013037410394265234,0.013188309615033752,0.013079413082437274,0.013095061728395061,0.015318324372759859,0.016758333333333333,0.015977859916367982,0.016025313620071684,0.015379822530864196,0.014448551373954599,0.01370906635802469,0.012950044802867383
030345_41_34,6,Ville de Saint-Pie,60038.0,Réseaux d'aqueduc & systèmes d'irrigation,Saint-Paul-d'Abbotsford,0.014214877466554218,0.45998372955628014,2020.0,2024.0,0.014374626642771804,0.014558660030103995,0.01456877240143369,0.015327237654320989,0.016859220626646333,0.014051246640948919,0.012383653337479043,0.014214877466554218,0.01514114211928165,0.014402258092017506,0.014371073154780922,0.014621784187193274
030345_41_34,7,Germain Blanchard ltée,69519.0,Extraction de minerais non métalliques,Saint-Théodore-d'Acton,0.014019155092592592,0.0404276,2020.0,2024.0,0.0,0.0,0.007556712962962964,0.014847077546296295,0.004729021113916947,0.002761905468502691,0.014019155092592592,0.01030272404100529,0.00891555010893246,0.003088756613756614,0.0034414365630511465,0.023921226150392817
030345_41_34,8,VILLE DE BROMONT,50556.0,Réseaux d'aqueduc & systèmes d'irrigation,Bromont,0.013029144265232976,0.32962326,2020.0,2024.0,0.009034699820788531,0.0092647278667214,0.009025403225806451,0.009194282407407408,0.011663631272401434,0.01264730324074074,0.013029144265232976,0.012431518817204302,0.010844444444444445,0.009811178315412186,0.009215729166666667,0.009095810931899642
030345_41_34,9,VILLE DE FARNHAM,51568.0,Réseaux d'aqueduc & systèmes d'irrigation,Farnham,0.011438765681003585,0.33798165,2020.0,2024.0,0.009793537186379929,0.01011714516625616,0.009910360663082438,0.009674756944444444,0.011364258512544804,0.011491736111111112,0.011389650537634407,0.011438765681003585,0.011182175925925925,0.01093959453405018,0.010904340277777777,0.010227396953405018
030345_41_34,10,CLUB DE GOLF KNOWLTON,44340.0,Terrains de golf & country clubs,Lac-Brome,0.009493880184643708,0.024670472199999998,2020.0,2024.0,0.0,0.0,0.0,0.0,0.005004963310185185,0.010926475427350427,0.009493880184643708,0.004119098910108024,0.010209306134259261,0.0028198888888888887,0.0,0.0
030345_41_34,11,MUNICIPALITÉ DE SAINT-DAMASE,59799.0,Réseaux d'aqueduc & systèmes d'irrigation,Saint-Damase,0.008888963560334529,0.2722832,2020.0,2024.0,0.00832818100358423,0.008773986270753511,0.008639112903225808,0.00880054012345679,0.009053464755077659,0.009153703703703702,0.00888134707287933,0.008888963560334529,0.008598765432098764,0.008255376344086022,0.008548533950617285,0.007662111708482676
030345_41_34,12,CLUB DE GOLF ACTON VALE INC.,44590.0,Terrains de golf & country clubs,Acton Vale,0.00799698945473251,0.044099156,2020.0,2024.0,0.0,0.0,0.0,0.0014111689814814813,0.005387274256414882,0.005531011812904174,0.00799698945473251,0.0045358512088477364,0.0033811975074822297,0.0007232638888888888,0.0,0.0
030345_41_34,13,VILLE D'ACTON VALE,51609.0,Réseaux d'aqueduc & systèmes d'irrigation,Acton Vale,0.005453584229390681,0.15242124,2020.0,2024.0,0.004445530913978495,0.004349510810071155,0.004510752688172043,0.004255833333333333,0.005392562724014336,0.005559317129629629,0.005453584229390681,0.005244970878136201,0.004879722222222222,0.005146012544802868,0.004535300925925926,0.004121202956989247
030345_41_34,14,LES PRODUITS CHIMIQUES ALDEX CIE LTÉE,70210.0,Fab. de résines & de caoutchouc synthétique,Granby,0.004546940276904995,0.122639575,2020.0,2023.0,0.0037440527304858622,0.0039718088624338625,0.004116013999608619,0.00367629794973545,0.00334307017871366,0.004151613718603661,0.004468680750357295,0.004546940276904995,0.004849585262345679,0.004057290849554887,0.004498223693212918,0.003795621141975309
030345_41_34,15,LE ROYAL BROMONT INC.,44321.0,Autres services de divertissement & loisirs,Bromont,0.004497592595327181,0.0299948737,2020.0,2024.0,0.0,0.0,0.0,0.0006227437383286647,0.004105426149194245,0.005853758797702054,0.004497592595327181,0.0040452447987891745,0.0033841393707912453,0.0014518740740740743,0.0,0.0
030345_41_34,16,CARRIÈRE D'ACTON VALE LTÉE,44398.0,Extraction de pierre,Acton Vale,0.00430255376344086,0.17251864,2020.0,2024.0,0.001064687873357228,0.0023700868625706984,0.0041991039426523295,0.003286944444444445,0.0018267846475507766,0.0021526350308641974,0.0029671258960573474,0.00430255376344086,0.0021942283950617284,0.0024338186977299883,0.0019073649691358024,0.004015632467144564
030345_41_34,17,CHÂTEAU BROMONT INC.,44353.0,Terrains de golf & country clubs,Bromont,0.0035944588000298688,0.0281236789475,2020.0,2023.0,0.0,0.0,0.0,2.850694444444445e-06,0.002359295909871565,0.0035411689335706855,0.0021987497774216525,0.0035944588000298688,0.0014414724402492477,0.00036824972620469926,0.0,0.0
030345_41_34,18,CLUB DE GOLF DE FARNHAM INC.,44549.0,Terrains de golf & country clubs,Farnham,0.0034846106093281547,0.015520280959396634,2020.0,2023.0,0.0,0.0,0.0,0.00040667448398919745,0.0025709386509467245,0.002041534933220719,0.0034846106093281547,0.0022842021166480783,0.0018296813035300927,0.000640989629754082,0.000359559375,0.0
030345_41_34,19,LE PARCOURS DU VIEUX VILLAGE INC.,48465.0,Terrains de golf & country clubs,Bromont,0.002762852086248315,0.029191464519999998,2020.0,2024.0,0.0,0.0,0.0,0.00023658564814814815,0.0034614458279549004,0.0039848333043981474,0.002762852086248315,0.0025323425832087477,0.0024740909997230135,0.0014729292824074073,0.0,0.0
030345_41_34,20,Nudura inc.,72408.0,Fab. de produits en mousse de polystyrène,Granby,0.0025164217917354116,0.07197833333333332,2020.0,2022.0,0.002498210255826743,0.002663277116402116,0.003212201540494551,0.004735835537918872,0.004359500018102169,0.003941755518144407,0.0025164217917354116,0.002175114279777674,0.0013902918069584734,0.0011571051658417252,0.0021104564160119715,0.0018111785416892942
030345_41_34,21,+ 27 autres préleveurs,,,,0.017960394679482135,,,,0.01635185013484624,0.011201238247682488,0.004780853484411622,0.014254122161560443,0.018823906059300823,0.0331184347047916,0.015676633454907173,0.0155318559815254,0.0170232116129152,0.010954726939160424,0.01699638945482812,0.02556071868289043
030346,1,VILLE DE GRANBY,54787.0,Réseaux d'aqueduc & systèmes d'irrigation,Granby,0.048005750289260254,1.284081406067515,2020.0,2024.0,0.03655148334761693,0.03784509890219222,0.03759747402931952,0.03514327716759715,0.04265205943823602,0.04962701654490677,0.048005750289260254,0.04795214134157076,0.04175285981326732,0.03910504394593275,0.0385604343481308,0.03644711932983709
030346,2,EXCAVATION MC. B. M. INC.,46230.0,Extraction de sable & de gravier,Saint-Edmond-de-Grantham,0.017436607142857143,0.052683,2020.0,2024.0,0.0,0.0,0.0033227237654320984,0.017008439429012347,0.01937979681069959,0.015045122354497353,0.010939236111111111,0.017436607142857143,0.0095880291005291,0.01504036044973545,0.01950954861111111,0.004292534722222222
030346,3,VILLE DE COWANSVILLE,50560.0,Réseaux d'aqueduc & systèmes d'irrigation,Cowansville,0.016649342891278375,0.4871954,2020.0,2024.0,0.015414202508960573,0.01583207900018245,0.016240218040621267,0.015008024691358025,0.016058542413381123,0.01565162037037037,0.015275537634408604,0.016649342891278375,0.014729475308641975,0.013860439068100357,0.01484452160493827,0.01562514934289128
030346,4,Ville de Saint-Pie,60038.0,Réseaux d'aqueduc & systèmes d'irrigation,Saint-Paul-d'Abbotsford,0.014214877466554218,0.45998372955628014,2020.0,2024.0,0.014374626642771804,0.014558660030103995,0.01456877240143369,0.015327237654320989,0.016859220626646333,0.014051246640948919,0.012383653337479043,0.014214877466554218,0.01514114211928165,0.014402258092017506,0.014371073154780922,0.014621784187193274
030346,5,Germain Blanchard ltée,69519.0,Extraction de minerais non métalliques,Saint-Théodore-d'Acton,0.014019155092592592,0.0404276,2020.0,2024.0,0.0,0.0,0.007556712962962964,0.014847077546296295,0.004729021113916947,0.002761905468502691,0.014019155092592592,0.01030272404100529,0.00891555010893246,0.003088756613756614,0.0034414365630511465,0.023921226150392817
030346,6,VILLE DE BROMONT,50556.0,Réseaux d'aqueduc & systèmes d'irrigation,Bromont,0.013029144265232976,0.32962326,2020.0,2024.0,0.009034699820788531,0.0092647278667214,0.009025403225806451,0.009194282407407408,0.011663631272401434,0.01264730324074074,0.013029144265232976,0.012431518817204302,0.010844444444444445,0.009811178315412186,0.009215729166666667,0.009095810931899642
030346,7,CLUB DE GOLF KNOWLTON,44340.0,Terrains de golf & country clubs,Lac-Brome,0.009493880184643708,0.024670472199999998,2020.0,2024.0,0.0,0.0,0.0,0.0,0.005004963310185185,0.010926475427350427,0.009493880184643708,0.004119098910108024,0.010209306134259261,0.0028198888888888887,0.0,0.0
030346,8,CLUB DE GOLF ACTON VALE INC.,44590.0,Terrains de golf & country clubs,Acton Vale,0.00799698945473251,0.044099156,2020.0,2024.0,0.0,0.0,0.0,0.0014111689814814813,0.005387274256414882,0.005531011812904174,0.00799698945473251,0.0045358512088477364,0.0033811975074822297,0.0007232638888888888,0.0,0.0
030346,9,VILLE D'ACTON VALE,51609.0,Réseaux d'aqueduc & systèmes d'irrigation,Acton Vale,0.005453584229390681,0.15242124,2020.0,2024.0,0.004445530913978495,0.004349510810071155,0.004510752688172043,0.004255833333333333,0.005392562724014336,0.005559317129629629,0.005453584229390681,0.005244970878136201,0.004879722222222222,0.005146012544802868,0.004535300925925926,0.004121202956989247
030346,10,LES PRODUITS CHIMIQUES ALDEX CIE LTÉE,70210.0,Fab. de résines & de caoutchouc synthétique,Granby,0.004546940276904995,0.122639575,2020.0,2023.0,0.0037440527304858622,0.0039718088624338625,0.004116013999608619,0.00367629794973545,0.00334307017871366,0.004151613718603661,0.004468680750357295,0.004546940276904995,0.004849585262345679,0.004057290849554887,0.004498223693212918,0.003795621141975309
030346,11,LE ROYAL BROMONT INC.,44321.0,Autres services de divertissement & loisirs,Bromont,0.004497592595327181,0.0299948737,2020.0,2024.0,0.0,0.0,0.0,0.0006227437383286647,0.004105426149194245,0.005853758797702054,0.004497592595327181,0.0040452447987891745,0.0033841393707912453,0.0014518740740740743,0.0,0.0
030346,12,CARRIÈRE D'ACTON VALE LTÉE,44398.0,Extraction de pierre,Acton Vale,0.00430255376344086,0.17251864,2020.0,2024.0,0.001064687873357228,0.0023700868625706984,0.0041991039426523295,0.003286944444444445,0.0018267846475507766,0.0021526350308641974,0.0029671258960573474,0.00430255376344086,0.0021942283950617284,0.0024338186977299883,0.0019073649691358024,0.004015632467144564
030346,13,CHÂTEAU BROMONT INC.,44353.0,Terrains de golf & country clubs,Bromont,0.0035944588000298688,0.0281236789475,2020.0,2023.0,0.0,0.0,0.0,2.850694444444445e-06,0.002359295909871565,0.0035411689335706855,0.0021987497774216525,0.0035944588000298688,0.0014414724402492477,0.00036824972620469926,0.0,0.0
030346,14,CLUB DE GOLF DE FARNHAM INC.,44549.0,Terrains de golf & country clubs,Farnham,0.0034846106093281547,0.015520280959396634,2020.0,2023.0,0.0,0.0,0.0,0.00040667448398919745,0.0025709386509467245,0.002041534933220719,0.0034846106093281547,0.0022842021166480783,0.0018296813035300927,0.000640989629754082,0.000359559375,0.0
030346,15,LE PARCOURS DU VIEUX VILLAGE INC.,48465.0,Terrains de golf & country clubs,Bromont,0.002762852086248315,0.029191464519999998,2020.0,2024.0,0.0,0.0,0.0,0.00023658564814814815,0.0034614458279549004,0.0039848333043981474,0.002762852086248315,0.0025323425832087477,0.0024740909997230135,0.0014729292824074073,0.0,0.0
030346,16,Nudura inc.,72408.0,Fab. de produits en mousse de polystyrène,Granby,0.0025164217917354116,0.07197833333333332,2020.0,2022.0,0.002498210255826743,0.002663277116402116,0.003212201540494551,0.004735835537918872,0.004359500018102169,0.003941755518144407,0.0025164217917354116,0.002175114279777674,0.0013902918069584734,0.0011571051658417252,0.0021104564160119715,0.0018111785416892942
030346,17,GROUPE COLAS QUÉBEC INC.,70759.0,Extraction de pierre,Saint-Alphonse-de-Granby,0.0022690869239817874,0.07726787872013974,2021.0,2024.0,0.0009827788978494624,0.0009013516865079365,0.0006667675902295136,0.008089871494007472,0.0010691798557282525,0.00040685200640927586,0.0010126095701737416,0.0022690869239817874,0.004002971412325072,0.0022444570097943225,0.0035968789853633,0.004249356368420954
030346,18,CLUB DE GOLF DE COWANSVILLE INC.,44362.0,Terrains de golf & country clubs,Cowansville,0.002111809757602264,0.0164509562,2020.0,2024.0,0.0,0.0,0.0,0.0003047093621399177,0.002298329152268297,0.0024300409802774383,0.002111809757602264,0.0018129821475822584,0.0014786764335607539,0.00046999074074074076,0.0,0.0
030346,19,LES PRÉS-VERTS M.B. LTÉE,70991.0,Toutes les autres cultures agricoles,Saint-Aimé,0.001096875,0.0020331675,2020.0,2024.0,0.0,0.0,0.0,0.0,0.0004265625,0.015859375,0.001096875,0.001008238636363636,0.0,0.0,0.0,0.0
030346,20,Information personnelle,58194.0,Terrains de golf & country clubs,Lac-Brome,0.00097041374312016,0.0031947530384981997,2020.0,2023.0,0.0,0.0,0.0,0.0,0.0010074774947340564,0.0013096500265891585,0.00097041374312016,0.0007665245385747055,1.9271387764618303e-05,0.0001931002656455533,0.0,0.0
030346,21,+ 20 autres préleveurs,,,,0.006582322494359811,,,,0.015368839755515298,0.010299624766641924,0.004113841552618323,0.005628411868684659,0.007774797930766882,0.007040915883900137,0.005979484804148453,0.0051340603527479664,0.008329671086042436,0.007540407844353383,0.013254570244802484,0.021302149910960032
030348,1,VILLE DE GRANBY,54787.0,Réseaux d'aqueduc & systèmes d'irrigation,Granby,0.048005750289260254,1.284081406067515,2020.0,2024.0,0.03655148334761693,0.03784509890219222,0.03759747402931952,0.03514327716759715,0.04265205943823602,0.04962701654490677,0.048005750289260254,0.04795214134157076,0.04175285981326732,0.03910504394593275,0.0385604343481308,0.03644711932983709
030348,2,EXCAVATION MC. B. M. INC.,46230.0,Extraction de sable & de gravier,Saint-Edmond-de-Grantham,0.017436607142857143,0.052683,2020.0,2024.0,0.0,0.0,0.0033227237654320984,0.017008439429012347,0.01937979681069959,0.015045122354497353,0.010939236111111111,0.017436607142857143,0.0095880291005291,0.01504036044973545,0.01950954861111111,0.004292534722222222
030348,3,Ville de Saint-Pie,60038.0,Réseaux d'aqueduc & systèmes d'irrigation,Saint-Paul-d'Abbotsford,0.014214877466554218,0.45998372955628014,2020.0,2024.0,0.014374626642771804,0.014558660030103995,0.01456877240143369,0.015327237654320989,0.016859220626646333,0.014051246640948919,0.012383653337479043,0.014214877466554218,0.01514114211928165,0.014402258092017506,0.014371073154780922,0.014621784187193274
030348,4,Germain Blanchard ltée,69519.0,Extraction de minerais non métalliques,Saint-Théodore-d'Acton,0.014019155092592592,0.0404276,2020.0,2024.0,0.0,0.0,0.007556712962962964,0.014847077546296295,0.004729021113916947,0.002761905468502691,0.014019155092592592,0.01030272404100529,0.00891555010893246,0.003088756613756614,0.0034414365630511465,0.023921226150392817
030348,5,CLUB DE GOLF KNOWLTON,44340.0,Terrains de golf & country clubs,Lac-Brome,0.009493880184643708,0.024670472199999998,2020.0,2024.0,0.0,0.0,0.0,0.0,0.005004963310185185,0.010926475427350427,0.009493880184643708,0.004119098910108024,0.010209306134259261,0.0028198888888888887,0.0,0.0
030348,6,CLUB DE GOLF DE FARNHAM INC.,44549.0,Terrains de golf & country clubs,Farnham,0.0034846106093281547,0.015520280959396634,2020.0,2023.0,0.0,0.0,0.0,0.00040667448398919745,0.0025709386509467245,0.002041534933220719,0.0034846106093281547,0.0022842021166480783,0.0018296813035300927,0.000640989629754082,0.000359559375,0.0
030348,7,LE PARCOURS DU VIEUX VILLAGE INC.,48465.0,Terrains de golf & country clubs,Bromont,0.002762852086248315,0.029191464519999998,2020.0,2024.0,0.0,0.0,0.0,0.00023658564814814815,0.0034614458279549004,0.0039848333043981474,0.002762852086248315,0.0025323425832087477,0.0024740909997230135,0.0014729292824074073,0.0,0.0
030348,8,GROUPE COLAS QUÉBEC INC.,70759.0,Extraction de pierre,Saint-Alphonse-de-Granby,0.0022690869239817874,0.07726787872013974,2021.0,2024.0,0.0009827788978494624,0.0009013516865079365,0.0006667675902295136,0.008089871494007472,0.0010691798557282525,0.00040685200640927586,0.0010126095701737416,0.0022690869239817874,0.004002971412325072,0.0022444570097943225,0.0035968789853633,0.004249356368420954
030348,9,CLUB DE GOLF DE COWANSVILLE INC.,44362.0,Terrains de golf & country clubs,Cowansville,0.002111809757602264,0.0164509562,2020.0,2024.0,0.0,0.0,0.0,0.0003047093621399177,0.002298329152268297,0.0024300409802774383,0.002111809757602264,0.0018129821475822584,0.0014786764335607539,0.00046999074074074076,0.0,0.0
030348,10,LES PRÉS-VERTS M.B. LTÉE,70991.0,Toutes les autres cultures agricoles,Saint-Aimé,0.001096875,0.0020331675,2020.0,2024.0,0.0,0.0,0.0,0.0,0.0004265625,0.015859375,0.001096875,0.001008238636363636,0.0,0.0,0.0,0.0
030348,11,Information personnelle,58194.0,Terrains de golf & country clubs,Lac-Brome,0.00097041374312016,0.0031947530384981997,2020.0,2023.0,0.0,0.0,0.0,0.0,0.0010074774947340564,0.0013096500265891585,0.00097041374312016,0.0007665245385747055,1.9271387764618303e-05,0.0001931002656455533,0.0,0.0
030348,12,"SKI BROMONT.COM, SOCIÉTÉ EN COMMANDITE",48486.0,Centres de ski,Bromont,0.000892476851851852,0.0029491273777112704,2020.0,2024.0,0.0003501324970897453,0.0006413345656984113,0.0006712504372569148,0.00015556889208304036,0.00039375,0.0011907982274844352,0.000892476851851852,0.0,0.00030185185185185187,0.00013801633964520937,0.0003970300944987046,0.00018378431062811038
030348,13,ContiTech Canada inc.,44768.0,Fab. tuyaux & courroies de caoutchouc & plast.,Saint-Alphonse-de-Granby,0.0008898095878136201,0.029562202,2020.0,2024.0,0.0009737402927120668,0.0010638460705163291,0.0009636820489844683,0.001026648148148148,0.0009380742234169654,0.0008362639421030226,0.0008898095878136201,0.0008400395758661888,0.0009648881172839507,0.00100156660692951,0.001061929012345679,0.0007036544205495818
030348,14,Information personnelle,67091.0,Terrains de golf & country clubs,Lac-Brome,0.0008357484969080389,0.0029901751679986322,2020.0,2023.0,0.0,0.0,0.0,0.0,0.0009019692087492078,0.0009280595317974919,0.0005636265745595539,0.0008357484969080389,0.0010003553851617038,0.0003964231823122199,0.0,0.0
030348,15,Golf Granby Saint-Paul.ca inc.,44308.0,Terrains de golf & country clubs,Granby,0.0003690510183148691,0.0020345535,2020.0,2024.0,0.0,0.0,0.0,0.0,0.00024090651135005972,0.00029554611111111114,0.0003690510183148691,0.0003433156944444444,0.0002739204166666667,0.00016475694444444445,0.0,0.0
030348,16,GOLF WATERLOO.COM INC.,44293.0,Terrains de golf & country clubs,Shefford,0.00034602962589605734,0.00154314126,2020.0,2024.0,0.0,0.0,0.0,0.0,0.00018847307347670252,0.00023334944444444445,0.00034602962589605734,0.00022082645833333337,8.767354166666667e-05,0.00010856574074074073,0.0,0.0
030348,17,VILLE DE GRANBY,54788.0,Réseaux d'aqueduc & systèmes d'irrigation,Shefford,0.00031647199759308136,0.01624161331786738,2020.0,2024.0,0.0007271674553230705,0.0006665416706893689,0.0005968581213864184,0.0008463682853175468,0.0005034992817793003,0.0002778343648064971,0.00021055934502292017,0.00031647199759308136,0.0005041819511479392,0.0005310095422603547,0.0004192068537357058,0.0005898356260181829
030348,18,Ferme C.M.J.I. Robert inc.,72162.0,Culture de fruits & de noix,Rougemont,0.00029506249999999997,0.0021720789,2020.0,2020.0,0.0,0.0,0.0,0.0004916666666666666,0.00037333779761904764,0.00032368898809523815,0.00022049833333333336,0.00029506249999999997,0.00033288194444444446,4.90625e-05,0.0,0.0
030348,19,Ferme C.M.J.I. Robert inc.,71120.0,Culture de fruits & de noix,Rougemont,0.00023598078618911953,0.0011173865,2021.0,2024.0,0.0,0.0,0.0,0.0001769317680776014,0.00024753922925309645,0.0001795227870022278,0.00023598078618911953,0.00020777252987496043,3.7880979938271604e-05,0.0,0.0,0.0
030348,20,GROUPE COLAS QUÉBEC INC.,70761.0,Extraction de pierre,Saint-Alphonse-de-Granby,0.00015023894862604539,0.006750266188470665,2021.0,2022.0,2.773291345241432e-07,1.7634461938897423e-06,5.807779105270144e-07,2.7897098142155254e-06,0.0022961360430445396,0.0,0.0,0.00015023894862604539,3.366126543209877e-05,3.615964755077658e-05,0.0,0.0
030348,21,+ 8 autres préleveurs,,,,0.00045673956886127233,,,,0.0016606026432066392,0.0026911991916777757,0.00016351302715100557,0.00012055469167958444,0.0003182005623766493,0.0004875555455794638,0.00045673956886127233,0.0004186854191970668,0.0007808271866816453,0.0006763276963632121,0.00028812280165289254,0.0020396795465478924
030415,1,NEXKEMIA PÉTROCHIMIE INC.,43847.0,Fab. de résines & de caoutchouc synthétique,Potton,0.034162273745519715,0.767977542,2020.0,2024.0,0.018876594982078852,0.023546226053639846,0.018733468488649943,0.020862192129629628,0.027145392025089605,0.032035702160493826,0.03222659572879331,0.034162273745519715,0.03041595370370371,0.019427285692951015,0.018977319444444446,0.01569234020310633
030415,2,MONT-BRUNO C.C. INC.,48591.0,Terrains de golf & country clubs,Saint-Bruno-de-Montarville,0.010124502543752545,0.033370095,2020.0,2024.0,0.0,0.0,0.0,0.0,0.013579480324074075,0.016519482896090534,0.010124502543752545,0.007024990981240981,0.004494733796296296,0.0,0.0,0.0
030415,3,9210-8877 QUÉBEC INC.,44317.0,Terrains de golf & country clubs,Carignan,0.009020061728395062,0.023517,2020.0,2020.0,0.0,0.0,0.0,0.0,0.005642056530214425,0.007618897306397306,0.009020061728395062,0.0,0.0,0.0,0.0,0.0
030415,4,LES GAZONS STE-JULIE LTEE,71998.0,Autres cultures agricoles,Lacolle,0.008832627951388889,0.02178643105,2020.0,2021.0,0.0,0.0,0.0,0.0,0.00643423543595679,0.006312282471707819,0.008832627951388889,0.006624471064814816,0.0,0.0,0.0,0.0
030415,5,CLUB DE GOLF DE LA MADELEINE INC.,44286.0,Terrains de golf & country clubs,Sainte-Marie-Madeleine,0.006242393479158856,0.05578300544153744,2020.0,2024.0,0.0,0.0,0.0,0.0,0.0067269948892546534,0.006930198246019264,0.006242393479158856,0.0060064971359188495,0.006381070751435729,0.0028984777265205035,0.0,0.0
030415,6,CLUB DE GOLF ST-JEAN LTÉE,46540.0,Terrains de golf & country clubs,Saint-Sébastien,0.005302883185483871,0.022734651839999998,2020.0,2024.0,0.0,0.0,0.0,0.000498642361111111,0.016926784940636198,0.015271950208333333,0.005302883185483871,0.0025329974387694144,0.005786374513888888,0.001193718340800478,0.0030628125,0.0
030415,7,CLUB DE GOLF DE FARNHAM INC.,44365.0,Terrains de golf & country clubs,Farnham,0.004761917047869142,0.007055685464396634,2020.0,2023.0,0.0,0.0,0.0,6.521885898919753e-05,0.00036434013219438635,0.001249015215091644,0.0003098054219156867,0.004761917047869142,0.00022586255353009257,7.990150587415372e-06,0.0,0.0
030415,8,BASE DE PLEIN-AIR VALLÉE DES FORTS INC.,48598.0,Terrains de golf & country clubs,Henryville,0.004641589506172839,0.0291994,2020.0,2021.0,0.0,0.0,0.0,0.0,0.004407841435185185,0.004095486111111111,0.004641589506172839,0.00424428844605475,0.005876157407407408,0.007172530864197531,0.0,0.0
030415,9,Destination Owl's Head inc.,48272.0,Terrains de golf & country clubs,Potton,0.004365466200947972,0.0192438725,2021.0,2024.0,0.0,0.0,0.0,0.005301147762345679,0.005381391059027778,0.006424633349867724,0.004365466200947972,0.003954683366402117,0.006211331170808966,0.004334664351851852,0.0,0.0
030415,10,Régie intermunicipale d'approvisionnement en eau potable Henryville-Venise,51208.0,Réseaux d'aqueduc & systèmes d'irrigation,Henryville,0.0038315272177419355,0.101806005,2020.0,2023.0,0.0027198691382915173,0.0028083201129469985,0.0028100806451612902,0.00301658275462963,0.0036876960125448027,0.003960561342592593,0.0038315272177419355,0.0036493055555555554,0.0033145293209876545,0.0029999187948028675,0.0028434403935185186,0.0030416937350657113
030415,11,MARAÎCHERS J.P.L. GUERIN & FILS INC.,70692.0,Culture de légumes & de melons,Saint-Patrice-de-Sherrington,0.0036382941331609795,0.012917291172369939,2020.0,2021.0,0.0,0.0,0.0,0.0006742845647914917,0.0014866746600163986,0.0023223985530082237,0.002778174812143073,0.0036382941331609795,0.003740425084175084,0.0,0.0,0.0
030415,12,GRAYMONT (QC) INC.,55481.0,Fab. de chaux,Stanbridge Station,0.003052130693602281,0.1842946605574798,2020.0,2024.0,0.0029432703600446994,0.0026608987003157833,0.0032940761915508424,0.0038092579821595468,0.003083448275386419,0.0029653797885830463,0.003052130693602281,0.0024736929781351952,0.002442156052930851,0.0026272527832017106,0.0027337465371317215,0.002927221409617573
030415,13,VILLE DE SUTTON,50650.0,Réseaux d'aqueduc & systèmes d'irrigation,Sutton,0.002730907076051772,0.08009395215759128,2020.0,2023.0,0.0026689477881934303,0.00268165627271924,0.003037381843678685,0.00236992405774659,0.002559611021798503,0.002683901096211088,0.002522006347495566,0.002730907076051772,0.0022446386665444283,0.0023965290041499856,0.0023336090303219805,0.0027593392558164756
030415,14,MUNICIPALITÉ D'EASTMAN,52107.0,Réseaux d'aqueduc & systèmes d'irrigation,Eastman,0.002420049731182796,0.0646096301,2020.0,2024.0,0.0018347759483273596,0.0018486754755062944,0.00183737765083632,0.001864242052469136,0.00228931369474313,0.0023273572530864194,0.002420049731182796,0.002400698850059737,0.002449934413580247,0.0018561826090203106,0.0016472418981481481,0.0017676316084229392
030415,15,Les fermes R.R. & Fils inc.,72758.0,Autre culture de légumes (sauf patate) & melons,Saint-Patrice-de-Sherrington,0.002419369749957142,0.0003542305390527838,2021.0,2024.0,0.0,0.0,0.0,0.0,0.0,0.0005296029306057428,0.0,0.002419369749957142,0.0,0.0,0.0,0.0
030415,16,FERME SAMSON & FILS (1987) S.E.N.C.,71729.0,Culture de légumes & de melons,Farnham,0.002224392361111111,0.001764712262866196,2020.0,2024.0,0.0,0.0,0.0,0.0,0.0,0.00210589878786961,0.002224392361111111,0.0010867852662204843,0.0,0.0,0.0,0.0
030415,17,LES FERMES LECLAIR & FRÈRES LTÉE,73206.0,Autre culture de légumes (sauf patate) & melons,Saint-Bernard-de-Lacolle,0.0020833333333333333,0.00055557,2022.0,2023.0,0.0,0.0,0.0,0.0,0.0,0.00018020833333333333,0.0020833333333333333,0.0,0.0,0.0,0.0,0.0
030415,18,LE DOMAINE DE ROUVILLE INC.,44352.0,Terrains de golf & country clubs,Saint-Jean-Baptiste,0.0018376493428912785,0.18145646,2020.0,2024.0,0.0,0.0,0.0,0.07906201774691357,0.000702120669056153,0.0013677006172839506,0.0018376493428912785,0.0015651209677419356,0.00101,0.00013288530465949822,0.0,0.0
030415,19,FERME SAMSON & FILS (1987) S.E.N.C.,71728.0,Culture de légumes & de melons,Farnham,0.0018020833333333333,0.0026707981593244233,2020.0,2024.0,0.0,0.0,0.0,0.0,0.004298900462962963,0.001439511433332383,0.0018020833333333333,0.0004865991665986723,0.0006983024691358024,0.0,0.0,0.0
030415,20,CLUB DE GOLF INTERNATIONAL 2000 INC.,49611.0,Terrains de golf & country clubs,Saint-Bernard-de-Lacolle,0.0017601323924731182,0.0153553608,2020.0,2024.0,0.0,0.0,0.0,0.0,0.00027845698924731184,0.00145514375,0.0017601323924731182,0.001332923387096774,0.0008241437500000001,0.0001557600806451613,0.0,0.0
030415,21,+ 35 autres préleveurs,,,,0.011210104705388621,,,,0.025309140333714,0.009598957098201754,0.0062455930769356755,0.002881319087253429,0.012227288898815771,0.013636856875431128,0.010677332136870256,0.010188710963049644,0.007212656473525248,0.004695359936607205,0.014695035059918258,0.03014038449590783
030420,1,NEXKEMIA PÉTROCHIMIE INC.,43847.0,Fab. de résines & de caoutchouc synthétique,Potton,0.034162273745519715,0.767977542,2020.0,2024.0,0.018876594982078852,0.023546226053639846,0.018733468488649943,0.020862192129629628,0.027145392025089605,0.032035702160493826,0.03222659572879331,0.034162273745519715,0.03041595370370371,0.019427285692951015,0.018977319444444446,0.01569234020310633
030420,2,MONT-BRUNO C.C. INC.,48591.0,Terrains de golf & country clubs,Saint-Bruno-de-Montarville,0.010124502543752545,0.033370095,2020.0,2024.0,0.0,0.0,0.0,0.0,0.013579480324074075,0.016519482896090534,0.010124502543752545,0.007024990981240981,0.004494733796296296,0.0,0.0,0.0
030420,3,9210-8877 QUÉBEC INC.,44317.0,Terrains de golf & country clubs,Carignan,0.009020061728395062,0.023517,2020.0,2020.0,0.0,0.0,0.0,0.0,0.005642056530214425,0.007618897306397306,0.009020061728395062,0.0,0.0,0.0,0.0,0.0
030420,4,LES GAZONS STE-JULIE LTEE,71998.0,Autres cultures agricoles,Lacolle,0.008832627951388889,0.02178643105,2020.0,2021.0,0.0,0.0,0.0,0.0,0.00643423543595679,0.006312282471707819,0.008832627951388889,0.006624471064814816,0.0,0.0,0.0,0.0
030420,5,CLUB DE GOLF DE LA MADELEINE INC.,44286.0,Terrains de golf & country clubs,Sainte-Marie-Madeleine,0.006242393479158856,0.05578300544153744,2020.0,2024.0,0.0,0.0,0.0,0.0,0.0067269948892546534,0.006930198246019264,0.006242393479158856,0.0060064971359188495,0.006381070751435729,0.0028984777265205035,0.0,0.0
030420,6,CLUB DE GOLF ST-JEAN LTÉE,46540.0,Terrains de golf & country clubs,Saint-Sébastien,0.005302883185483871,0.022734651839999998,2020.0,2024.0,0.0,0.0,0.0,0.000498642361111111,0.016926784940636198,0.015271950208333333,0.005302883185483871,0.0025329974387694144,0.005786374513888888,0.001193718340800478,0.0030628125,0.0
030420,7,CLUB DE GOLF DE FARNHAM INC.,44365.0,Terrains de golf & country clubs,Farnham,0.004761917047869142,0.007055685464396634,2020.0,2023.0,0.0,0.0,0.0,6.521885898919753e-05,0.00036434013219438635,0.001249015215091644,0.0003098054219156867,0.004761917047869142,0.00022586255353009257,7.990150587415372e-06,0.0,0.0
030420,8,BASE DE PLEIN-AIR VALLÉE DES FORTS INC.,48598.0,Terrains de golf & country clubs,Henryville,0.004641589506172839,0.0291994,2020.0,2021.0,0.0,0.0,0.0,0.0,0.004407841435185185,0.004095486111111111,0.004641589506172839,0.00424428844605475,0.005876157407407408,0.007172530864197531,0.0,0.0
030420,9,Destination Owl's Head inc.,48272.0,Terrains de golf & country clubs,Potton,0.004365466200947972,0.0192438725,2021.0,2024.0,0.0,0.0,0.0,0.005301147762345679,0.005381391059027778,0.006424633349867724,0.004365466200947972,0.003954683366402117,0.006211331170808966,0.004334664351851852,0.0,0.0
030420,10,Régie intermunicipale d'approvisionnement en eau potable Henryville-Venise,51208.0,Réseaux d'aqueduc & systèmes d'irrigation,Henryville,0.0038315272177419355,0.101806005,2020.0,2023.0,0.0027198691382915173,0.0028083201129469985,0.0028100806451612902,0.00301658275462963,0.0036876960125448027,0.003960561342592593,0.0038315272177419355,0.0036493055555555554,0.0033145293209876545,0.0029999187948028675,0.0028434403935185186,0.0030416937350657113
030420,11,MARAÎCHERS J.P.L. GUERIN & FILS INC.,70692.0,Culture de légumes & de melons,Saint-Patrice-de-Sherrington,0.0036382941331609795,0.012917291172369939,2020.0,2021.0,0.0,0.0,0.0,0.0006742845647914917,0.0014866746600163986,0.0023223985530082237,0.002778174812143073,0.0036382941331609795,0.003740425084175084,0.0,0.0,0.0
030420,12,GRAYMONT (QC) INC.,55481.0,Fab. de chaux,Stanbridge Station,0.003052130693602281,0.1842946605574798,2020.0,2024.0,0.0029432703600446994,0.0026608987003157833,0.0032940761915508424,0.0038092579821595468,0.003083448275386419,0.0029653797885830463,0.003052130693602281,0.0024736929781351952,0.002442156052930851,0.0026272527832017106,0.0027337465371317215,0.002927221409617573
030420,13,VILLE DE SUTTON,50650.0,Réseaux d'aqueduc & systèmes d'irrigation,Sutton,0.002730907076051772,0.08009395215759128,2020.0,2023.0,0.0026689477881934303,0.00268165627271924,0.003037381843678685,0.00236992405774659,0.002559611021798503,0.002683901096211088,0.002522006347495566,0.002730907076051772,0.0022446386665444283,0.0023965290041499856,0.0023336090303219805,0.0027593392558164756
030420,14,MUNICIPALITÉ D'EASTMAN,52107.0,Réseaux d'aqueduc & systèmes d'irrigation,Eastman,0.002420049731182796,0.0646096301,2020.0,2024.0,0.0018347759483273596,0.0018486754755062944,0.00183737765083632,0.001864242052469136,0.00228931369474313,0.0023273572530864194,0.002420049731182796,0.002400698850059737,0.002449934413580247,0.0018561826090203106,0.0016472418981481481,0.0017676316084229392
030420,15,Les fermes R.R. & Fils inc.,72758.0,Autre culture de légumes (sauf patate) & melons,Saint-Patrice-de-Sherrington,0.002419369749957142,0.0003542305390527838,2021.0,2024.0,0.0,0.0,0.0,0.0,0.0,0.0005296029306057428,0.0,0.002419369749957142,0.0,0.0,0.0,0.0
030420,16,FERME SAMSON & FILS (1987) S.E.N.C.,71729.0,Culture de légumes & de melons,Farnham,0.002224392361111111,0.001764712262866196,2020.0,2024.0,0.0,0.0,0.0,0.0,0.0,0.00210589878786961,0.002224392361111111,0.0010867852662204843,0.0,0.0,0.0,0.0
030420,17,LES FERMES LECLAIR & FRÈRES LTÉE,73206.0,Autre culture de légumes (sauf patate) & melons,Saint-Bernard-de-Lacolle,0.0020833333333333333,0.00055557,2022.0,2023.0,0.0,0.0,0.0,0.0,0.0,0.00018020833333333333,0.0020833333333333333,0.0,0.0,0.0,0.0,0.0
030420,18,LE DOMAINE DE ROUVILLE INC.,44352.0,Terrains de golf & country clubs,Saint-Jean-Baptiste,0.0018376493428912785,0.18145646,2020.0,2024.0,0.0,0.0,0.0,0.07906201774691357,0.000702120669056153,0.0013677006172839506,0.0018376493428912785,0.0015651209677419356,0.00101,0.00013288530465949822,0.0,0.0
030420,19,FERME SAMSON & FILS (1987) S.E.N.C.,71728.0,Culture de légumes & de melons,Farnham,0.0018020833333333333,0.0026707981593244233,2020.0,2024.0,0.0,0.0,0.0,0.0,0.004298900462962963,0.001439511433332383,0.0018020833333333333,0.0004865991665986723,0.0006983024691358024,0.0,0.0,0.0
030420,20,CLUB DE GOLF INTERNATIONAL 2000 INC.,49611.0,Terrains de golf & country clubs,Saint-Bernard-de-Lacolle,0.0017601323924731182,0.0153553608,2020.0,2024.0,0.0,0.0,0.0,0.0,0.00027845698924731184,0.00145514375,0.0017601323924731182,0.001332923387096774,0.0008241437500000001,0.0001557600806451613,0.0,0.0
030420,21,+ 35 autres préleveurs,,,,0.011210104705388621,,,,0.025309140333714,0.009598957098201754,0.0062455930769356755,0.002881319087253429,0.012227288898815771,0.013636856875431128,0.010677332136870256,0.010188710963049644,0.007212656473525248,0.004695359936607205,0.014695035059918258,0.03014038449590783
030421,1,NEXKEMIA PÉTROCHIMIE INC.,43847.0,Fab. de résines & de caoutchouc synthétique,Potton,0.034162273745519715,0.767977542,2020.0,2024.0,0.018876594982078852,0.023546226053639846,0.018733468488649943,0.020862192129629628,0.027145392025089605,0.032035702160493826,0.03222659572879331,0.034162273745519715,0.03041595370370371,0.019427285692951015,0.018977319444444446,0.01569234020310633
030421,2,MONT-BRUNO C.C. INC.,48591.0,Terrains de golf & country clubs,Saint-Bruno-de-Montarville,0.010124502543752545,0.033370095,2020.0,2024.0,0.0,0.0,0.0,0.0,0.013579480324074075,0.016519482896090534,0.010124502543752545,0.007024990981240981,0.004494733796296296,0.0,0.0,0.0
030421,3,9210-8877 QUÉBEC INC.,44317.0,Terrains de golf & country clubs,Carignan,0.009020061728395062,0.023517,2020.0,2020.0,0.0,0.0,0.0,0.0,0.005642056530214425,0.007618897306397306,0.009020061728395062,0.0,0.0,0.0,0.0,0.0
030421,4,LES GAZONS STE-JULIE LTEE,71998.0,Autres cultures agricoles,Lacolle,0.008832627951388889,0.02178643105,2020.0,2021.0,0.0,0.0,0.0,0.0,0.00643423543595679,0.006312282471707819,0.008832627951388889,0.006624471064814816,0.0,0.0,0.0,0.0
030421,5,CLUB DE GOLF DE LA MADELEINE INC.,44286.0,Terrains de golf & country clubs,Sainte-Marie-Madeleine,0.006242393479158856,0.05578300544153744,2020.0,2024.0,0.0,0.0,0.0,0.0,0.0067269948892546534,0.006930198246019264,0.006242393479158856,0.0060064971359188495,0.006381070751435729,0.0028984777265205035,0.0,0.0
030421,6,CLUB DE GOLF ST-JEAN LTÉE,46540.0,Terrains de golf & country clubs,Saint-Sébastien,0.005302883185483871,0.022734651839999998,2020.0,2024.0,0.0,0.0,0.0,0.000498642361111111,0.016926784940636198,0.015271950208333333,0.005302883185483871,0.0025329974387694144,0.005786374513888888,0.001193718340800478,0.0030628125,0.0
030421,7,CLUB DE GOLF DE FARNHAM INC.,44365.0,Terrains de golf & country clubs,Farnham,0.004761917047869142,0.007055685464396634,2020.0,2023.0,0.0,0.0,0.0,6.521885898919753e-05,0.00036434013219438635,0.001249015215091644,0.0003098054219156867,0.004761917047869142,0.00022586255353009257,7.990150587415372e-06,0.0,0.0
030421,8,BASE DE PLEIN-AIR VALLÉE DES FORTS INC.,48598.0,Terrains de golf & country clubs,Henryville,0.004641589506172839,0.0291994,2020.0,2021.0,0.0,0.0,0.0,0.0,0.004407841435185185,0.004095486111111111,0.004641589506172839,0.00424428844605475,0.005876157407407408,0.007172530864197531,0.0,0.0
030421,9,Destination Owl's Head inc.,48272.0,Terrains de golf & country clubs,Potton,0.004365466200947972,0.0192438725,2021.0,2024.0,0.0,0.0,0.0,0.005301147762345679,0.005381391059027778,0.006424633349867724,0.004365466200947972,0.003954683366402117,0.006211331170808966,0.004334664351851852,0.0,0.0
030421,10,Régie intermunicipale d'approvisionnement en eau potable Henryville-Venise,51208.0,Réseaux d'aqueduc & systèmes d'irrigation,Henryville,0.0038315272177419355,0.101806005,2020.0,2023.0,0.0027198691382915173,0.0028083201129469985,0.0028100806451612902,0.00301658275462963,0.0036876960125448027,0.003960561342592593,0.0038315272177419355,0.0036493055555555554,0.0033145293209876545,0.0029999187948028675,0.0028434403935185186,0.0030416937350657113
030421,11,MARAÎCHERS J.P.L. GUERIN & FILS INC.,70692.0,Culture de légumes & de melons,Saint-Patrice-de-Sherrington,0.0036382941331609795,0.012917291172369939,2020.0,2021.0,0.0,0.0,0.0,0.0006742845647914917,0.0014866746600163986,0.0023223985530082237,0.002778174812143073,0.0036382941331609795,0.003740425084175084,0.0,0.0,0.0
030421,12,GRAYMONT (QC) INC.,55481.0,Fab. de chaux,Stanbridge Station,0.003052130693602281,0.1842946605574798,2020.0,2024.0,0.0029432703600446994,0.0026608987003157833,0.0032940761915508424,0.0038092579821595468,0.003083448275386419,0.0029653797885830463,0.003052130693602281,0.0024736929781351952,0.002442156052930851,0.0026272527832017106,0.0027337465371317215,0.002927221409617573
030421,13,VILLE DE SUTTON,50650.0,Réseaux d'aqueduc & systèmes d'irrigation,Sutton,0.002730907076051772,0.08009395215759128,2020.0,2023.0,0.0026689477881934303,0.00268165627271924,0.003037381843678685,0.00236992405774659,0.002559611021798503,0.002683901096211088,0.002522006347495566,0.002730907076051772,0.0022446386665444283,0.0023965290041499856,0.0023336090303219805,0.0027593392558164756
030421,14,MUNICIPALITÉ D'EASTMAN,52107.0,Réseaux d'aqueduc & systèmes d'irrigation,Eastman,0.002420049731182796,0.0646096301,2020.0,2024.0,0.0018347759483273596,0.0018486754755062944,0.00183737765083632,0.001864242052469136,0.00228931369474313,0.0023273572530864194,0.002420049731182796,0.002400698850059737,0.002449934413580247,0.0018561826090203106,0.0016472418981481481,0.0017676316084229392
030421,15,Les fermes R.R. & Fils inc.,72758.0,Autre culture de légumes (sauf patate) & melons,Saint-Patrice-de-Sherrington,0.002419369749957142,0.0003542305390527838,2021.0,2024.0,0.0,0.0,0.0,0.0,0.0,0.0005296029306057428,0.0,0.002419369749957142,0.0,0.0,0.0,0.0
030421,16,FERME SAMSON & FILS (1987) S.E.N.C.,71729.0,Culture de légumes & de melons,Farnham,0.002224392361111111,0.001764712262866196,2020.0,2024.0,0.0,0.0,0.0,0.0,0.0,0.00210589878786961,0.002224392361111111,0.0010867852662204843,0.0,0.0,0.0,0.0
030421,17,LES FERMES LECLAIR & FRÈRES LTÉE,73206.0,Autre culture de légumes (sauf patate) & melons,Saint-Bernard-de-Lacolle,0.0020833333333333333,0.00055557,2022.0,2023.0,0.0,0.0,0.0,0.0,0.0,0.00018020833333333333,0.0020833333333333333,0.0,0.0,0.0,0.0,0.0
030421,18,LE DOMAINE DE ROUVILLE INC.,44352.0,Terrains de golf & country clubs,Saint-Jean-Baptiste,0.0018376493428912785,0.18145646,2020.0,2024.0,0.0,0.0,0.0,0.07906201774691357,0.000702120669056153,0.0013677006172839506,0.0018376493428912785,0.0015651209677419356,0.00101,0.00013288530465949822,0.0,0.0
030421,19,FERME SAMSON & FILS (1987) S.E.N.C.,71728.0,Culture de légumes & de melons,Farnham,0.0018020833333333333,0.0026707981593244233,2020.0,2024.0,0.0,0.0,0.0,0.0,0.004298900462962963,0.001439511433332383,0.0018020833333333333,0.0004865991665986723,0.0006983024691358024,0.0,0.0,0.0
030421,20,CLUB DE GOLF INTERNATIONAL 2000 INC.,49611.0,Terrains de golf & country clubs,Saint-Bernard-de-Lacolle,0.0017601323924731182,0.0153553608,2020.0,2024.0,0.0,0.0,0.0,0.0,0.00027845698924731184,0.00145514375,0.0017601323924731182,0.001332923387096774,0.0008241437500000001,0.0001557600806451613,0.0,0.0
030421,21,+ 35 autres préleveurs,,,,0.011210104705388621,,,,0.025309140333714,0.009598957098201754,0.0062455930769356755,0.002881319087253429,0.012227288898815771,0.013636856875431128,0.010677332136870256,0.010188710963049644,0.007212656473525248,0.004695359936607205,0.014695035059918258,0.03014038449590783
030423,1,MONT-BRUNO C.C. INC.,48591.0,Terrains de golf & country clubs,Saint-Bruno-de-Montarville,0.010124502543752545,0.033370095,2020.0,2024.0,0.0,0.0,0.0,0.0,0.013579480324074075,0.016519482896090534,0.010124502543752545,0.007024990981240981,0.004494733796296296,0.0,0.0,0.0
030423,2,9210-8877 QUÉBEC INC.,44317.0,Terrains de golf & country clubs,Carignan,0.009020061728395062,0.023517,2020.0,2020.0,0.0,0.0,0.0,0.0,0.005642056530214425,0.007618897306397306,0.009020061728395062,0.0,0.0,0.0,0.0,0.0
030423,3,CLUB DE GOLF DE LA MADELEINE INC.,44286.0,Terrains de golf & country clubs,Sainte-Marie-Madeleine,0.006242393479158856,0.05578300544153744,2020.0,2024.0,0.0,0.0,0.0,0.0,0.0067269948892546534,0.006930198246019264,0.006242393479158856,0.0060064971359188495,0.006381070751435729,0.0028984777265205035,0.0,0.0
030423,4,CLUB DE GOLF ST-JEAN LTÉE,46540.0,Terrains de golf & country clubs,Saint-Sébastien,0.005302883185483871,0.022734651839999998,2020.0,2024.0,0.0,0.0,0.0,0.000498642361111111,0.016926784940636198,0.015271950208333333,0.005302883185483871,0.0025329974387694144,0.005786374513888888,0.001193718340800478,0.0030628125,0.0
030423,5,CLUB DE GOLF DE FARNHAM INC.,44365.0,Terrains de golf & country clubs,Farnham,0.004761917047869142,0.007055685464396634,2020.0,2023.0,0.0,0.0,0.0,6.521885898919753e-05,0.00036434013219438635,0.001249015215091644,0.0003098054219156867,0.004761917047869142,0.00022586255353009257,7.990150587415372e-06,0.0,0.0
030423,6,BASE DE PLEIN-AIR VALLÉE DES FORTS INC.,48598.0,Terrains de golf & country clubs,Henryville,0.004641589506172839,0.0291994,2020.0,2021.0,0.0,0.0,0.0,0.0,0.004407841435185185,0.004095486111111111,0.004641589506172839,0.00424428844605475,0.005876157407407408,0.007172530864197531,0.0,0.0
030423,7,Destination Owl's Head inc.,48272.0,Terrains de golf & country clubs,Potton,0.004365466200947972,0.0192438725,2021.0,2024.0,0.0,0.0,0.0,0.005301147762345679,0.005381391059027778,0.006424633349867724,0.004365466200947972,0.003954683366402117,0.006211331170808966,0.004334664351851852,0.0,0.0
030423,8,Régie intermunicipale d'approvisionnement en eau potable Henryville-Venise,51208.0,Réseaux d'aqueduc & systèmes d'irrigation,Henryville,0.0038315272177419355,0.101806005,2020.0,2023.0,0.0027198691382915173,0.0028083201129469985,0.0028100806451612902,0.00301658275462963,0.0036876960125448027,0.003960561342592593,0.0038315272177419355,0.0036493055555555554,0.0033145293209876545,0.0029999187948028675,0.0028434403935185186,0.0030416937350657113
030423,9,MARAÎCHERS J.P.L. GUERIN & FILS INC.,70692.0,Culture de légumes & de melons,Saint-Patrice-de-Sherrington,0.0036382941331609795,0.012917291172369939,2020.0,2021.0,0.0,0.0,0.0,0.0006742845647914917,0.0014866746600163986,0.0023223985530082237,0.002778174812143073,0.0036382941331609795,0.003740425084175084,0.0,0.0,0.0
030423,10,GRAYMONT (QC) INC.,55481.0,Fab. de chaux,Stanbridge Station,0.003052130693602281,0.1842946605574798,2020.0,2024.0,0.0029432703600446994,0.0026608987003157833,0.0032940761915508424,0.0038092579821595468,0.003083448275386419,0.0029653797885830463,0.003052130693602281,0.0024736929781351952,0.002442156052930851,0.0026272527832017106,0.0027337465371317215,0.002927221409617573
030423,11,VILLE DE SUTTON,50650.0,Réseaux d'aqueduc & systèmes d'irrigation,Sutton,0.002730907076051772,0.08009395215759128,2020.0,2023.0,0.0026689477881934303,0.00268165627271924,0.003037381843678685,0.00236992405774659,0.002559611021798503,0.002683901096211088,0.002522006347495566,0.002730907076051772,0.0022446386665444283,0.0023965290041499856,0.0023336090303219805,0.0027593392558164756
030423,12,MUNICIPALITÉ D'EASTMAN,52107.0,Réseaux d'aqueduc & systèmes d'irrigation,Eastman,0.002420049731182796,0.0646096301,2020.0,2024.0,0.0018347759483273596,0.0018486754755062944,0.00183737765083632,0.001864242052469136,0.00228931369474313,0.0023273572530864194,0.002420049731182796,0.002400698850059737,0.002449934413580247,0.0018561826090203106,0.0016472418981481481,0.0017676316084229392
030423,13,Les fermes R.R. & Fils inc.,72758.0,Autre culture de légumes (sauf patate) & melons,Saint-Patrice-de-Sherrington,0.002419369749957142,0.0003542305390527838,2021.0,2024.0,0.0,0.0,0.0,0.0,0.0,0.0005296029306057428,0.0,0.002419369749957142,0.0,0.0,0.0,0.0
030423,14,FERME SAMSON & FILS (1987) S.E.N.C.,71729.0,Culture de légumes & de melons,Farnham,0.002224392361111111,0.001764712262866196,2020.0,2024.0,0.0,0.0,0.0,0.0,0.0,0.00210589878786961,0.002224392361111111,0.0010867852662204843,0.0,0.0,0.0,0.0
030423,15,LES FERMES LECLAIR & FRÈRES LTÉE,73206.0,Autre culture de légumes (sauf patate) & melons,Saint-Bernard-de-Lacolle,0.0020833333333333333,0.00055557,2022.0,2023.0,0.0,0.0,0.0,0.0,0.0,0.00018020833333333333,0.0020833333333333333,0.0,0.0,0.0,0.0,0.0
030423,16,LE DOMAINE DE ROUVILLE INC.,44352.0,Terrains de golf & country clubs,Saint-Jean-Baptiste,0.0018376493428912785,0.18145646,2020.0,2024.0,0.0,0.0,0.0,0.07906201774691357,0.000702120669056153,0.0013677006172839506,0.0018376493428912785,0.0015651209677419356,0.00101,0.00013288530465949822,0.0,0.0
030423,17,FERME SAMSON & FILS (1987) S.E.N.C.,71728.0,Culture de légumes & de melons,Farnham,0.0018020833333333333,0.0026707981593244233,2020.0,2024.0,0.0,0.0,0.0,0.0,0.004298900462962963,0.001439511433332383,0.0018020833333333333,0.0004865991665986723,0.0006983024691358024,0.0,0.0,0.0
030423,18,CLUB DE GOLF INTERNATIONAL 2000 INC.,49611.0,Terrains de golf & country clubs,Saint-Bernard-de-Lacolle,0.0017601323924731182,0.0153553608,2020.0,2024.0,0.0,0.0,0.0,0.0,0.00027845698924731184,0.00145514375,0.0017601323924731182,0.001332923387096774,0.0008241437500000001,0.0001557600806451613,0.0,0.0
030423,19,LE DOMAINE DE ROUVILLE INC.,50347.0,Réseaux d'aqueduc & systèmes d'irrigation,Saint-Jean-Baptiste,0.0017568175029868578,0.02061161,2020.0,2024.0,0.0,0.0,0.0,6.510416666666667e-05,0.0011447860663082437,0.0016431597222222223,0.0015712850955794503,0.0017568175029868578,0.001366724537037037,0.00045942218301971323,0.0,0.0
030423,20,VILLE DE SUTTON,48544.0,Réseaux d'aqueduc & systèmes d'irrigation,Sutton,0.0011832640789458742,0.03844492228671317,2020.0,2023.0,0.0017948056920496418,0.001361498445583619,0.001470914201487646,0.0018438490944563905,0.001104422386662682,0.0009241581003340927,0.0011832640789458742,0.0009639149720944707,0.0009343520886071382,0.001033469347257884,0.0011164704251445947,0.001600120406811817
030423,21,+ 28 autres préleveurs,,,,0.006660483171021114,,,,0.02351433464166436,0.008237458652618136,0.004774678875448028,0.0009723658261303722,0.0055817566973612965,0.006693160297709418,0.006430613074933989,0.005891266825169045,0.004911579847881073,0.003202468406329608,0.013578564634773664,0.028540264089096015
030424,1,NEXKEMIA PÉTROCHIMIE INC.,43847.0,Fab. de résines & de caoutchouc synthétique,Potton,0.034162273745519715,0.767977542,2020.0,2024.0,0.018876594982078852,0.023546226053639846,0.018733468488649943,0.020862192129629628,0.027145392025089605,0.032035702160493826,0.03222659572879331,0.034162273745519715,0.03041595370370371,0.019427285692951015,0.018977319444444446,0.01569234020310633
030424,2,MONT-BRUNO C.C. INC.,48591.0,Terrains de golf & country clubs,Saint-Bruno-de-Montarville,0.010124502543752545,0.033370095,2020.0,2024.0,0.0,0.0,0.0,0.0,0.013579480324074075,0.016519482896090534,0.010124502543752545,0.007024990981240981,0.004494733796296296,0.0,0.0,0.0
030424,3,9210-8877 QUÉBEC INC.,44317.0,Terrains de golf & country clubs,Carignan,0.009020061728395062,0.023517,2020.0,2020.0,0.0,0.0,0.0,0.0,0.005642056530214425,0.007618897306397306,0.009020061728395062,0.0,0.0,0.0,0.0,0.0
030424,4,LES GAZONS STE-JULIE LTEE,71998.0,Autres cultures agricoles,Lacolle,0.008832627951388889,0.02178643105,2020.0,2021.0,0.0,0.0,0.0,0.0,0.00643423543595679,0.006312282471707819,0.008832627951388889,0.006624471064814816,0.0,0.0,0.0,0.0
030424,5,CLUB DE GOLF DE LA MADELEINE INC.,44286.0,Terrains de golf & country clubs,Sainte-Marie-Madeleine,0.006242393479158856,0.05578300544153744,2020.0,2024.0,0.0,0.0,0.0,0.0,0.0067269948892546534,0.006930198246019264,0.006242393479158856,0.0060064971359188495,0.006381070751435729,0.0028984777265205035,0.0,0.0
030424,6,CLUB DE GOLF ST-JEAN LTÉE,46540.0,Terrains de golf & country clubs,Saint-Sébastien,0.005302883185483871,0.022734651839999998,2020.0,2024.0,0.0,0.0,0.0,0.000498642361111111,0.016926784940636198,0.015271950208333333,0.005302883185483871,0.0025329974387694144,0.005786374513888888,0.001193718340800478,0.0030628125,0.0
030424,7,CLUB DE GOLF DE FARNHAM INC.,44365.0,Terrains de golf & country clubs,Farnham,0.004761917047869142,0.007055685464396634,2020.0,2023.0,0.0,0.0,0.0,6.521885898919753e-05,0.00036434013219438635,0.001249015215091644,0.0003098054219156867,0.004761917047869142,0.00022586255353009257,7.990150587415372e-06,0.0,0.0
030424,8,BASE DE PLEIN-AIR VALLÉE DES FORTS INC.,48598.0,Terrains de golf & country clubs,Henryville,0.004641589506172839,0.0291994,2020.0,2021.0,0.0,0.0,0.0,0.0,0.004407841435185185,0.004095486111111111,0.004641589506172839,0.00424428844605475,0.005876157407407408,0.007172530864197531,0.0,0.0
030424,9,Destination Owl's Head inc.,48272.0,Terrains de golf & country clubs,Potton,0.004365466200947972,0.0192438725,2021.0,2024.0,0.0,0.0,0.0,0.005301147762345679,0.005381391059027778,0.006424633349867724,0.004365466200947972,0.003954683366402117,0.006211331170808966,0.004334664351851852,0.0,0.0
030424,10,Régie intermunicipale d'approvisionnement en eau potable Henryville-Venise,51208.0,Réseaux d'aqueduc & systèmes d'irrigation,Henryville,0.0038315272177419355,0.101806005,2020.0,2023.0,0.0027198691382915173,0.0028083201129469985,0.0028100806451612902,0.00301658275462963,0.0036876960125448027,0.003960561342592593,0.0038315272177419355,0.0036493055555555554,0.0033145293209876545,0.0029999187948028675,0.0028434403935185186,0.0030416937350657113
030424,11,MARAÎCHERS J.P.L. GUERIN & FILS INC.,70692.0,Culture de légumes & de melons,Saint-Patrice-de-Sherrington,0.0036382941331609795,0.012917291172369939,2020.0,2021.0,0.0,0.0,0.0,0.0006742845647914917,0.0014866746600163986,0.0023223985530082237,0.002778174812143073,0.0036382941331609795,0.003740425084175084,0.0,0.0,0.0
030424,12,GRAYMONT (QC) INC.,55481.0,Fab. de chaux,Stanbridge Station,0.003052130693602281,0.1842946605574798,2020.0,2024.0,0.0029432703600446994,0.0026608987003157833,0.0032940761915508424,0.0038092579821595468,0.003083448275386419,0.0029653797885830463,0.003052130693602281,0.0024736929781351952,0.002442156052930851,0.0026272527832017106,0.0027337465371317215,0.002927221409617573
030424,13,VILLE DE SUTTON,50650.0,Réseaux d'aqueduc & systèmes d'irrigation,Sutton,0.002730907076051772,0.08009395215759128,2020.0,2023.0,0.0026689477881934303,0.00268165627271924,0.003037381843678685,0.00236992405774659,0.002559611021798503,0.002683901096211088,0.002522006347495566,0.002730907076051772,0.0022446386665444283,0.0023965290041499856,0.0023336090303219805,0.0027593392558164756
030424,14,MUNICIPALITÉ D'EASTMAN,52107.0,Réseaux d'aqueduc & systèmes d'irrigation,Eastman,0.002420049731182796,0.0646096301,2020.0,2024.0,0.0018347759483273596,0.0018486754755062944,0.00183737765083632,0.001864242052469136,0.00228931369474313,0.0023273572530864194,0.002420049731182796,0.002400698850059737,0.002449934413580247,0.0018561826090203106,0.0016472418981481481,0.0017676316084229392
030424,15,Les fermes R.R. & Fils inc.,72758.0,Autre culture de légumes (sauf patate) & melons,Saint-Patrice-de-Sherrington,0.002419369749957142,0.0003542305390527838,2021.0,2024.0,0.0,0.0,0.0,0.0,0.0,0.0005296029306057428,0.0,0.002419369749957142,0.0,0.0,0.0,0.0
030424,16,FERME SAMSON & FILS (1987) S.E.N.C.,71729.0,Culture de légumes & de melons,Farnham,0.002224392361111111,0.001764712262866196,2020.0,2024.0,0.0,0.0,0.0,0.0,0.0,0.00210589878786961,0.002224392361111111,0.0010867852662204843,0.0,0.0,0.0,0.0
030424,17,LES FERMES LECLAIR & FRÈRES LTÉE,73206.0,Autre culture de légumes (sauf patate) & melons,Saint-Bernard-de-Lacolle,0.0020833333333333333,0.00055557,2022.0,2023.0,0.0,0.0,0.0,0.0,0.0,0.00018020833333333333,0.0020833333333333333,0.0,0.0,0.0,0.0,0.0
030424,18,LE DOMAINE DE ROUVILLE INC.,44352.0,Terrains de golf & country clubs,Saint-Jean-Baptiste,0.0018376493428912785,0.18145646,2020.0,2024.0,0.0,0.0,0.0,0.07906201774691357,0.000702120669056153,0.0013677006172839506,0.0018376493428912785,0.0015651209677419356,0.00101,0.00013288530465949822,0.0,0.0
030424,19,FERME SAMSON & FILS (1987) S.E.N.C.,71728.0,Culture de légumes & de melons,Farnham,0.0018020833333333333,0.0026707981593244233,2020.0,2024.0,0.0,0.0,0.0,0.0,0.004298900462962963,0.001439511433332383,0.0018020833333333333,0.0004865991665986723,0.0006983024691358024,0.0,0.0,0.0
030424,20,CLUB DE GOLF INTERNATIONAL 2000 INC.,49611.0,Terrains de golf & country clubs,Saint-Bernard-de-Lacolle,0.0017601323924731182,0.0153553608,2020.0,2024.0,0.0,0.0,0.0,0.0,0.00027845698924731184,0.00145514375,0.0017601323924731182,0.001332923387096774,0.0008241437500000001,0.0001557600806451613,0.0,0.0
030424,21,+ 37 autres préleveurs,,,,0.01297838681357634,,,,0.027220328842622883,0.012113014462879483,0.007823297587624092,0.005419756599528809,0.014484558763247675,0.015624882701595068,0.011861826660430334,0.011864177895896348,0.009060929947569313,0.007017397843154914,0.016814784519744705,0.031713095405294406
030425,1,CLUB DE GOLF ST-JEAN LTÉE,46540.0,Terrains de golf & country clubs,Saint-Sébastien,0.005302883185483871,0.022734651839999998,2020.0,2024.0,0.0,0.0,0.0,0.000498642361111111,0.016926784940636198,0.015271950208333333,0.005302883185483871,0.0025329974387694144,0.005786374513888888,0.001193718340800478,0.0030628125,0.0
030425,2,CLUB DE GOLF DE FARNHAM INC.,44365.0,Terrains de golf & country clubs,Farnham,0.004761917047869142,0.007055685464396634,2020.0,2023.0,0.0,0.0,0.0,6.521885898919753e-05,0.00036434013219438635,0.001249015215091644,0.0003098054219156867,0.004761917047869142,0.00022586255353009257,7.990150587415372e-06,0.0,0.0
030425,3,Destination Owl's Head inc.,48272.0,Terrains de golf & country clubs,Potton,0.004365466200947972,0.0192438725,2021.0,2024.0,0.0,0.0,0.0,0.005301147762345679,0.005381391059027778,0.006424633349867724,0.004365466200947972,0.003954683366402117,0.006211331170808966,0.004334664351851852,0.0,0.0
030425,4,Régie intermunicipale d'approvisionnement en eau potable Henryville-Venise,51208.0,Réseaux d'aqueduc & systèmes d'irrigation,Henryville,0.0038315272177419355,0.101806005,2020.0,2023.0,0.0027198691382915173,0.0028083201129469985,0.0028100806451612902,0.00301658275462963,0.0036876960125448027,0.003960561342592593,0.0038315272177419355,0.0036493055555555554,0.0033145293209876545,0.0029999187948028675,0.0028434403935185186,0.0030416937350657113
030425,5,GRAYMONT (QC) INC.,55481.0,Fab. de chaux,Stanbridge Station,0.003052130693602281,0.1842946605574798,2020.0,2024.0,0.0029432703600446994,0.0026608987003157833,0.0032940761915508424,0.0038092579821595468,0.003083448275386419,0.0029653797885830463,0.003052130693602281,0.0024736929781351952,0.002442156052930851,0.0026272527832017106,0.0027337465371317215,0.002927221409617573
030425,6,VILLE DE SUTTON,50650.0,Réseaux d'aqueduc & systèmes d'irrigation,Sutton,0.002730907076051772,0.08009395215759128,2020.0,2023.0,0.0026689477881934303,0.00268165627271924,0.003037381843678685,0.00236992405774659,0.002559611021798503,0.002683901096211088,0.002522006347495566,0.002730907076051772,0.0022446386665444283,0.0023965290041499856,0.0023336090303219805,0.0027593392558164756
030425,7,MUNICIPALITÉ D'EASTMAN,52107.0,Réseaux d'aqueduc & systèmes d'irrigation,Eastman,0.002420049731182796,0.0646096301,2020.0,2024.0,0.0018347759483273596,0.0018486754755062944,0.00183737765083632,0.001864242052469136,0.00228931369474313,0.0023273572530864194,0.002420049731182796,0.002400698850059737,0.002449934413580247,0.0018561826090203106,0.0016472418981481481,0.0017676316084229392
030425,8,FERME SAMSON & FILS (1987) S.E.N.C.,71729.0,Culture de légumes & de melons,Farnham,0.002224392361111111,0.001764712262866196,2020.0,2024.0,0.0,0.0,0.0,0.0,0.0,0.00210589878786961,0.002224392361111111,0.0010867852662204843,0.0,0.0,0.0,0.0
030425,9,LES FERMES LECLAIR & FRÈRES LTÉE,73206.0,Autre culture de légumes (sauf patate) & melons,Saint-Bernard-de-Lacolle,0.0020833333333333333,0.00055557,2022.0,2023.0,0.0,0.0,0.0,0.0,0.0,0.00018020833333333333,0.0020833333333333333,0.0,0.0,0.0,0.0,0.0
030425,10,LE DOMAINE DE ROUVILLE INC.,44352.0,Terrains de golf & country clubs,Saint-Jean-Baptiste,0.0018376493428912785,0.18145646,2020.0,2024.0,0.0,0.0,0.0,0.07906201774691357,0.000702120669056153,0.0013677006172839506,0.0018376493428912785,0.0015651209677419356,0.00101,0.00013288530465949822,0.0,0.0
030425,11,FERME SAMSON & FILS (1987) S.E.N.C.,71728.0,Culture de légumes & de melons,Farnham,0.0018020833333333333,0.0026707981593244233,2020.0,2024.0,0.0,0.0,0.0,0.0,0.004298900462962963,0.001439511433332383,0.0018020833333333333,0.0004865991665986723,0.0006983024691358024,0.0,0.0,0.0
030425,12,CLUB DE GOLF INTERNATIONAL 2000 INC.,49611.0,Terrains de golf & country clubs,Saint-Bernard-de-Lacolle,0.0017601323924731182,0.0153553608,2020.0,2024.0,0.0,0.0,0.0,0.0,0.00027845698924731184,0.00145514375,0.0017601323924731182,0.001332923387096774,0.0008241437500000001,0.0001557600806451613,0.0,0.0
030425,13,LE DOMAINE DE ROUVILLE INC.,50347.0,Réseaux d'aqueduc & systèmes d'irrigation,Saint-Jean-Baptiste,0.0017568175029868578,0.02061161,2020.0,2024.0,0.0,0.0,0.0,6.510416666666667e-05,0.0011447860663082437,0.0016431597222222223,0.0015712850955794503,0.0017568175029868578,0.001366724537037037,0.00045942218301971323,0.0,0.0
030425,14,VILLE DE SUTTON,48544.0,Réseaux d'aqueduc & systèmes d'irrigation,Sutton,0.0011832640789458742,0.03844492228671317,2020.0,2023.0,0.0017948056920496418,0.001361498445583619,0.001470914201487646,0.0018438490944563905,0.001104422386662682,0.0009241581003340927,0.0011832640789458742,0.0009639149720944707,0.0009343520886071382,0.001033469347257884,0.0011164704251445947,0.001600120406811817
030425,15,CONSTRUCTION DJL INC.,63154.0,Extraction de pierre,Saint-Bruno-de-Montarville,0.0011058618580184292,0.026316755144471658,2020.0,2024.0,0.0007127165471923537,0.0004992753375296479,0.0004552792712066905,0.0006960458360440875,0.001169891706354716,0.0011088369586517734,0.0011058618580184292,0.0008723481893830737,0.0008646771617898643,0.0008555928912783752,0.0010981635802469135,0.0005522476105137396
030425,16,FERMES TRUDEAU INC.,70969.0,Autre culture de légumes (sauf patate) & melons,Saint-Mathieu-de-Beloeil,0.0008236306021234504,0.00521884163068678,2020.0,2024.0,0.0,0.0,0.0,0.0,0.000681361242054884,0.0007137699055762434,0.0008236306021234504,0.0006260878988136332,0.0006455972696238414,0.0004580761648727672,0.0,0.0
030425,17,FERMES TRUDEAU INC.,70970.0,Autre culture de légumes (sauf patate) & melons,Saint-Mathieu-de-Beloeil,0.000785245251874268,0.004967192412354376,2020.0,2024.0,0.0,0.0,0.0,0.0,0.0004931875949450636,0.0007097300243418269,0.0007487759852930308,0.000785245251874268,0.0006634362164132664,0.0006571295242484151,0.0,0.0
030425,18,FERMES TRUDEAU INC.,70972.0,Autre culture de légumes (sauf patate) & melons,Saint-Mathieu-de-Beloeil,0.0006375389384482748,0.004294476601093397,2020.0,2024.0,0.0,0.0,0.0,0.0,0.0004740713022334473,0.0005661133472595174,0.0006263765941735879,0.0006375389384482748,0.0005670154184531648,0.0004053688356689196,0.0,0.0
030425,19,CONSTRUCTION DJL INC.,54829.0,Extraction de pierre,Saint-Bruno-de-Montarville,0.00040421661609017084,0.013896917670081282,2020.0,2024.0,0.0011521580047789727,0.000745638341543514,0.00038800029868578254,0.0002763199900862847,0.00045003917687365185,0.00044951119439545366,0.00040421661609017084,0.00018251611809325748,0.0002054449665622431,0.00011158353245718839,0.00022186728395061725,0.0007025537634408602
030425,20,FERMES TRUDEAU INC.,70971.0,Autre culture de légumes (sauf patate) & melons,Saint-Mathieu-de-Beloeil,0.0003849648090006845,0.002680436039643958,2020.0,2024.0,0.0,0.0,0.0,0.0,0.00028254204086473655,0.00040978089410172516,0.0003849648090006845,0.0003825124102702168,0.00036699534673511594,0.0002970359409280497,0.0,0.0
030425,21,+ 21 autres préleveurs,,,,0.0018242003600161,,,,0.021649460089693033,0.006992544973544974,0.003931399305555556,0.0,0.0018197261340347972,0.002460713112271766,0.0016419618747848996,0.0017633513516196546,0.0009359432302083388,0.0004176815168758928,0.012258533770576133,0.027285462715141415
030429,1,CLUB DE GOLF ST-JEAN LTÉE,46540.0,Terrains de golf & country clubs,Saint-Sébastien,0.005302883185483871,0.022734651839999998,2020.0,2024.0,0.0,0.0,0.0,0.000498642361111111,0.016926784940636198,0.015271950208333333,0.005302883185483871,0.0025329974387694144,0.005786374513888888,0.001193718340800478,0.0030628125,0.0
030429,2,Destination Owl's Head inc.,48272.0,Terrains de golf & country clubs,Potton,0.004365466200947972,0.0192438725,2021.0,2024.0,0.0,0.0,0.0,0.005301147762345679,0.005381391059027778,0.006424633349867724,0.004365466200947972,0.003954683366402117,0.006211331170808966,0.004334664351851852,0.0,0.0
030429,3,Régie intermunicipale d'approvisionnement en eau potable Henryville-Venise,51208.0,Réseaux d'aqueduc & systèmes d'irrigation,Henryville,0.0038315272177419355,0.101806005,2020.0,2023.0,0.0027198691382915173,0.0028083201129469985,0.0028100806451612902,0.00301658275462963,0.0036876960125448027,0.003960561342592593,0.0038315272177419355,0.0036493055555555554,0.0033145293209876545,0.0029999187948028675,0.0028434403935185186,0.0030416937350657113
030429,4,GRAYMONT (QC) INC.,55481.0,Fab. de chaux,Stanbridge Station,0.003052130693602281,0.1842946605574798,2020.0,2024.0,0.0029432703600446994,0.0026608987003157833,0.0032940761915508424,0.0038092579821595468,0.003083448275386419,0.0029653797885830463,0.003052130693602281,0.0024736929781351952,0.002442156052930851,0.0026272527832017106,0.0027337465371317215,0.002927221409617573
030429,5,VILLE DE SUTTON,50650.0,Réseaux d'aqueduc & systèmes d'irrigation,Sutton,0.002730907076051772,0.08009395215759128,2020.0,2023.0,0.0026689477881934303,0.00268165627271924,0.003037381843678685,0.00236992405774659,0.002559611021798503,0.002683901096211088,0.002522006347495566,0.002730907076051772,0.0022446386665444283,0.0023965290041499856,0.0023336090303219805,0.0027593392558164756
030429,6,MUNICIPALITÉ D'EASTMAN,52107.0,Réseaux d'aqueduc & systèmes d'irrigation,Eastman,0.002420049731182796,0.0646096301,2020.0,2024.0,0.0018347759483273596,0.0018486754755062944,0.00183737765083632,0.001864242052469136,0.00228931369474313,0.0023273572530864194,0.002420049731182796,0.002400698850059737,0.002449934413580247,0.0018561826090203106,0.0016472418981481481,0.0017676316084229392
030429,7,LES FERMES LECLAIR & FRÈRES LTÉE,73206.0,Autre culture de légumes (sauf patate) & melons,Saint-Bernard-de-Lacolle,0.0020833333333333333,0.00055557,2022.0,2023.0,0.0,0.0,0.0,0.0,0.0,0.00018020833333333333,0.0020833333333333333,0.0,0.0,0.0,0.0,0.0
030429,8,LE DOMAINE DE ROUVILLE INC.,44352.0,Terrains de golf & country clubs,Saint-Jean-Baptiste,0.0018376493428912785,0.18145646,2020.0,2024.0,0.0,0.0,0.0,0.07906201774691357,0.000702120669056153,0.0013677006172839506,0.0018376493428912785,0.0015651209677419356,0.00101,0.00013288530465949822,0.0,0.0
030429,9,CLUB DE GOLF INTERNATIONAL 2000 INC.,49611.0,Terrains de golf & country clubs,Saint-Bernard-de-Lacolle,0.0017601323924731182,0.0153553608,2020.0,2024.0,0.0,0.0,0.0,0.0,0.00027845698924731184,0.00145514375,0.0017601323924731182,0.001332923387096774,0.0008241437500000001,0.0001557600806451613,0.0,0.0
030429,10,LE DOMAINE DE ROUVILLE INC.,50347.0,Réseaux d'aqueduc & systèmes d'irrigation,Saint-Jean-Baptiste,0.0017568175029868578,0.02061161,2020.0,2024.0,0.0,0.0,0.0,6.510416666666667e-05,0.0011447860663082437,0.0016431597222222223,0.0015712850955794503,0.0017568175029868578,0.001366724537037037,0.00045942218301971323,0.0,0.0
030429,11,VILLE DE SUTTON,48544.0,Réseaux d'aqueduc & systèmes d'irrigation,Sutton,0.0011832640789458742,0.03844492228671317,2020.0,2023.0,0.0017948056920496418,0.001361498445583619,0.001470914201487646,0.0018438490944563905,0.001104422386662682,0.0009241581003340927,0.0011832640789458742,0.0009639149720944707,0.0009343520886071382,0.001033469347257884,0.0011164704251445947,0.001600120406811817
030429,12,CONSTRUCTION DJL INC.,63154.0,Extraction de pierre,Saint-Bruno-de-Montarville,0.0011058618580184292,0.026316755144471658,2020.0,2024.0,0.0007127165471923537,0.0004992753375296479,0.0004552792712066905,0.0006960458360440875,0.001169891706354716,0.0011088369586517734,0.0011058618580184292,0.0008723481893830737,0.0008646771617898643,0.0008555928912783752,0.0010981635802469135,0.0005522476105137396
030429,13,CONSTRUCTION DJL INC.,54829.0,Extraction de pierre,Saint-Bruno-de-Montarville,0.00040421661609017084,0.013896917670081282,2020.0,2024.0,0.0011521580047789727,0.000745638341543514,0.00038800029868578254,0.0002763199900862847,0.00045003917687365185,0.00044951119439545366,0.00040421661609017084,0.00018251611809325748,0.0002054449665622431,0.00011158353245718839,0.00022186728395061725,0.0007025537634408602
030429,14,CLUB DE GOLF ORMSTOWN INC.,48335.0,Terrains de golf & country clubs,Hemmingford,0.00033379627826606864,0.0008214735937654823,2020.0,2024.0,0.0,0.0,0.0,0.0,0.00030016975526015865,0.0004240019427947133,0.0003083174771108479,0.00033379627826606864,0.0003573414532710547,0.00011828504778619378,0.0,0.0
030429,15,CLUB DE GOLF ORMSTOWN INC.,48336.0,Terrains de golf & country clubs,Hemmingford,0.00033379627826606864,0.0008214735937654823,2020.0,2024.0,0.0,0.0,0.0,0.0,0.00030016975526015865,0.0004240019427947133,0.0003083174771108479,0.00033379627826606864,0.0003573414532710547,0.00011828504778619378,0.0,0.0
030429,16,CLUB DE GOLF ORMSTOWN INC.,47533.0,Terrains de golf & country clubs,Hemmingford,0.00014835293713834845,0.00036509637506192886,2020.0,2024.0,0.0,0.0,0.0,0.0,0.00013340463281312137,0.0001884440219137151,0.0001370288645721394,0.00014835293713834845,0.00015881681617063858,5.2573061515145516e-05,0.0,0.0
030429,17,LE DOMAINE DE ROUVILLE INC.,67328.0,Parcs pour véh. de plaisance & camps de loisirs,Saint-Jean-Baptiste,0.00012840501792114696,0.00071137,2020.0,2024.0,0.0,0.0,0.0,0.0,0.0,8.912037037037037e-05,0.00012840501792114696,9.054659498207885e-05,6.244350749559084e-05,0.0,0.0,0.0
030429,18,Verger Caron inc.,72694.0,Culture de noix & de fruits (sauf les agrumes),Frelighsburg,0.00011418418024788455,0.00025466683616520453,2021.0,2021.0,0.0,0.0,0.0,0.0,8.05608442361518e-05,0.00010952570443219071,9.451360760331454e-05,0.00011418418024788455,0.0,0.0,0.0,0.0
030429,19,B.R. CARON INC.,71799.0,Culture de noix & de fruits (sauf les agrumes),Frelighsburg,8.195177785457711e-05,0.00011839479920111279,2020.0,2021.0,0.0,0.0,0.0,0.0,8.994624039582293e-05,8.478682170542637e-05,8.195177785457711e-05,7.769286364913878e-05,0.0,0.0,0.0,0.0
030429,20,B.R. CARON INC.,71800.0,Culture de noix & de fruits (sauf les agrumes),Frelighsburg,7.484487225252221e-05,0.00010366464699065879,2020.0,2021.0,0.0,0.0,0.0,0.0,7.13623064297438e-05,7.310700442967885e-05,7.484487225252221e-05,6.75130922934284e-05,0.0,0.0,0.0,0.0
030429,21,+ 7 autres préleveurs,,,,3.619063282582376e-05,,,,0.021649460089693033,0.006992544973544974,0.003931399305555556,0.0,0.00035426635785743596,0.00044020253159403295,3.619063282582376e-05,3.3280425524593236e-05,0.0,0.00012853835978835979,0.012258533770576133,0.027285462715141415
030905,1,R.G.R. GUINOIS INC.,72182.0,Culture de légumes & de melons,Saint-Chrysostome,0.08625385802469136,0.008739033333333333,2021.0,2023.0,0.0,0.0,0.0,0.0,0.001489236111111111,0.0,0.08625385802469136,0.0,0.0,0.0,0.0,0.0
030905,2,R.G.R. GUINOIS INC.,72168.0,Culture de légumes & de melons,Sainte-Clotilde,0.06634439301421405,0.006483768622971045,2020.0,2023.0,0.0,0.0,0.0,0.0,0.0024297934867797337,0.0,0.06634439301421405,0.0,0.0,0.0,0.0,0.0
030905,3,R.G.R. GUINOIS INC.,72167.0,Culture de légumes & de melons,Sainte-Clotilde,0.046144776138388764,0.005245036599971325,2021.0,2023.0,0.0,0.0,0.0,0.0,0.0,0.0,0.046144776138388764,0.0006852182835203387,0.0,0.0,0.0,0.0
030905,4,LISE ET MICHEL LEGAULT INC.,66783.0,Culture de légumes & de melons,Sainte-Clotilde,0.02398958333333333,0.0130761,2021.0,2021.0,0.0,0.0,0.0,0.0,0.01784895833333333,0.01065625,0.02398958333333333,0.0,0.0,0.0,0.0,0.0
030905,5,LES JARDINS A. GUÉRIN ET FILS INC.,71737.0,Culture de légumes & de melons,Saint-Patrice-de-Sherrington,0.01006583856202799,0.03062137512936771,2020.0,2024.0,0.0,0.0,0.0,0.002514583333333333,0.011186319337549124,0.009841854558144982,0.01006583856202799,0.006808395171806349,0.00290625,0.0,0.0,0.0
030905,6,MARAÎCHERS J.P.L. GUERIN & FILS INC.,71305.0,Culture de légumes & de melons,Saint-Patrice-de-Sherrington,0.008979166666666667,0.0045342,2021.0,2021.0,0.0,0.0,0.0,0.0,0.0031927083333333334,0.0,0.0,0.008979166666666667,0.0,0.0,0.0,0.0
030905,7,VILLE DE HUNTINGDON,50562.0,Réseaux d'aqueduc & systèmes d'irrigation,Huntingdon,0.007717522774790919,0.23893473,2020.0,2024.0,0.00767741935483871,0.008272300047892719,0.008528192204301075,0.008041296296296296,0.007170934139784946,0.007396481481481481,0.007717522774790919,0.007039675925925926,0.006915416666666667,0.006866739471326164,0.007397708333333333,0.007985674283154123
030905,8,LES FERMES E. NOTARO ET FILS INC.,72215.0,"Culture en serre, en pépinière & floriculture",Saint-Patrice-de-Sherrington,0.006819124751984127,0.0067754823,2020.0,2021.0,0.0,0.0,0.0,0.0,0.0,0.0,0.0,0.006819124751984127,0.0,0.0,0.0,0.0
030905,9,MARAÎCHERS J.P.L. GUERIN & FILS INC.,70691.0,Culture de légumes & de melons,Sainte-Clotilde,0.005600420138541714,0.009624369305849206,2020.0,2021.0,0.0,0.0,0.0,0.0,0.0031661535097809827,0.0037908187126861224,0.005600420138541714,0.0025515195289643067,0.0,0.0,0.0,0.0
030905,10,Les fermes R.R. & Fils inc.,71770.0,Autre culture de légumes (sauf patate) & melons,Saint-Patrice-de-Sherrington,0.004479166666666667,0.0005582835702633419,2020.0,2021.0,0.0,0.0,0.0,0.0,0.0,0.0009912243649498951,0.0,0.004479166666666667,0.0,0.0,0.0,0.0
030905,11,MARAÎCHERS J.P.L. GUERIN & FILS INC.,70696.0,Culture de légumes & de melons,Saint-Patrice-de-Sherrington,0.0041579861111111106,0.0050238,2021.0,2021.0,0.0,0.0,0.0,0.0,0.0013154761904761905,0.0049375,0.0033020833333333335,0.0041579861111111106,0.0030486111111111113,0.0,0.0,0.0
030905,12,Les Produits Forino inc.,72935.0,Autre culture de légumes (sauf patate) & melons,Saint-Patrice-de-Sherrington,0.00379375,0.0049152,2022.0,2024.0,0.0,0.0,0.0,0.0,0.0037916666666666667,0.002529513888888889,0.00379375,0.0037916666666666667,0.0,0.0,0.0,0.0
030905,13,Les Produits Forino inc.,72934.0,Autre culture de légumes (sauf patate) & melons,Sainte-Clotilde,0.0037916666666666667,0.0048069,2022.0,2024.0,0.0,0.0,0.0,0.0,0.0037944444444444445,0.0037942708333333335,0.0025277777777777777,0.0037916666666666667,0.0,0.0,0.0,0.0
030905,14,Les fermes R.R. & Fils inc.,72400.0,Autre culture de légumes (sauf patate) & melons,Saint-Michel,0.0036160714285714294,0.0010686913710208075,2020.0,2023.0,0.0,0.0,0.0,0.0,0.001165132336018412,0.009395945040214477,0.0036160714285714294,0.0,0.0,0.0,0.0,0.0
030905,15,Les fermes R.R. & Fils inc.,72757.0,Autre culture de légumes (sauf patate) & melons,Saint-Patrice-de-Sherrington,0.0034461128254108194,0.0008932324443464845,2021.0,2021.0,0.0,0.0,0.0,0.0,0.0,0.0,0.0,0.0034461128254108194,0.0,0.0,0.0,0.0
030905,16,CONSTRUCTION DJL INC.,70921.0,Extraction de pierre,Sainte-Clotilde,0.00341201783233867,0.11118062391165165,2020.0,2024.0,0.003995763142174433,0.003954108254652436,0.003304768131784904,0.0032394027497097875,0.0034358804414993576,0.003549363831496583,0.00341201783233867,0.0033408403383123854,0.003513152383140903,0.0036987197645707397,0.0033612301217904685,0.0035496672640382317
030905,17,LES JARDINS A. GUÉRIN ET FILS INC.,70966.0,Culture de légumes & de melons,Saint-Patrice-de-Sherrington,0.0031325966850828725,0.0015799445093024615,2020.0,2020.0,0.0,0.0,0.0,0.0,0.0,0.0,0.002003533568904593,0.0031325966850828725,0.0,0.0,0.0,0.0
030905,18,MARAÎCHERS J.P.L. GUERIN & FILS INC.,70693.0,Culture de légumes & de melons,Saint-Patrice-de-Sherrington,0.0026692733690360276,0.016747523179203715,2020.0,2020.0,0.0,0.0,0.0,0.00043465562652432926,0.01095240771186022,0.0119281812282199,0.0026692733690360276,0.0,0.0,0.0,0.0,0.0
030905,19,PRODUCTIONS MARAÎCHÈRES BREIZH INC.,72529.0,Culture de légumes & de melons,Saint-Michel,0.0021750516477499005,0.003441115,2021.0,2024.0,0.0,0.0,0.0,0.0,0.003800443672839506,0.003909309895833333,0.0021750516477499005,0.0013016465053763441,5.787037037037037e-08,8.400537634408602e-08,1.736111111111111e-08,0.0
030905,20,MARAÎCHERS J.P.L. GUERIN & FILS INC.,70690.0,Culture de légumes & de melons,Saint-Patrice-de-Sherrington,0.002021652121124695,0.0016146431742140473,2020.0,2021.0,0.0,0.0,0.0,0.0012161458333333332,0.002178605693137008,0.0008977361906257656,0.002021652121124695,5.887972499531309e-05,0.0,0.0,0.0,0.0
030905,21,+ 36 autres préleveurs,,,,0.019717005031230136,,,,0.0024119427974057008,0.002840897092655309,0.0035634189070771014,0.01180365655812563,0.03780766272212519,0.02270993133299353,0.013052501965113556,0.011995712024824724,0.0025430387921295235,0.0019793154159716683,0.0026284064997563355,0.004134913780502155
030907,1,R.G.R. GUINOIS INC.,72182.0,Culture de légumes & de melons,Saint-Chrysostome,0.08625385802469136,0.008739033333333333,2021.0,2023.0,0.0,0.0,0.0,0.0,0.001489236111111111,0.0,0.08625385802469136,0.0,0.0,0.0,0.0,0.0
030907,2,R.G.R. GUINOIS INC.,72168.0,Culture de légumes & de melons,Sainte-Clotilde,0.06634439301421405,0.006483768622971045,2020.0,2023.0,0.0,0.0,0.0,0.0,0.0024297934867797337,0.0,0.06634439301421405,0.0,0.0,0.0,0.0,0.0
030907,3,R.G.R. GUINOIS INC.,72167.0,Culture de légumes & de melons,Sainte-Clotilde,0.046144776138388764,0.005245036599971325,2021.0,2023.0,0.0,0.0,0.0,0.0,0.0,0.0,0.046144776138388764,0.0006852182835203387,0.0,0.0,0.0,0.0
030907,4,LISE ET MICHEL LEGAULT INC.,66783.0,Culture de légumes & de melons,Sainte-Clotilde,0.02398958333333333,0.0130761,2021.0,2021.0,0.0,0.0,0.0,0.0,0.01784895833333333,0.01065625,0.02398958333333333,0.0,0.0,0.0,0.0,0.0
030907,5,LES JARDINS A. GUÉRIN ET FILS INC.,71737.0,Culture de légumes & de melons,Saint-Patrice-de-Sherrington,0.01006583856202799,0.03062137512936771,2020.0,2024.0,0.0,0.0,0.0,0.002514583333333333,0.011186319337549124,0.009841854558144982,0.01006583856202799,0.006808395171806349,0.00290625,0.0,0.0,0.0
030907,6,MARAÎCHERS J.P.L. GUERIN & FILS INC.,71305.0,Culture de légumes & de melons,Saint-Patrice-de-Sherrington,0.008979166666666667,0.0045342,2021.0,2021.0,0.0,0.0,0.0,0.0,0.0031927083333333334,0.0,0.0,0.008979166666666667,0.0,0.0,0.0,0.0
030907,7,LES FERMES E. NOTARO ET FILS INC.,72215.0,"Culture en serre, en pépinière & floriculture",Saint-Patrice-de-Sherrington,0.006819124751984127,0.0067754823,2020.0,2021.0,0.0,0.0,0.0,0.0,0.0,0.0,0.0,0.006819124751984127,0.0,0.0,0.0,0.0
030907,8,MARAÎCHERS J.P.L. GUERIN & FILS INC.,70691.0,Culture de légumes & de melons,Sainte-Clotilde,0.005600420138541714,0.009624369305849206,2020.0,2021.0,0.0,0.0,0.0,0.0,0.0031661535097809827,0.0037908187126861224,0.005600420138541714,0.0025515195289643067,0.0,0.0,0.0,0.0
030907,9,Les fermes R.R. & Fils inc.,71770.0,Autre culture de légumes (sauf patate) & melons,Saint-Patrice-de-Sherrington,0.004479166666666667,0.0005582835702633419,2020.0,2021.0,0.0,0.0,0.0,0.0,0.0,0.0009912243649498951,0.0,0.004479166666666667,0.0,0.0,0.0,0.0
030907,10,MARAÎCHERS J.P.L. GUERIN & FILS INC.,70696.0,Culture de légumes & de melons,Saint-Patrice-de-Sherrington,0.0041579861111111106,0.0050238,2021.0,2021.0,0.0,0.0,0.0,0.0,0.0013154761904761905,0.0049375,0.0033020833333333335,0.0041579861111111106,0.0030486111111111113,0.0,0.0,0.0
030907,11,Les Produits Forino inc.,72935.0,Autre culture de légumes (sauf patate) & melons,Saint-Patrice-de-Sherrington,0.00379375,0.0049152,2022.0,2024.0,0.0,0.0,0.0,0.0,0.0037916666666666667,0.002529513888888889,0.00379375,0.0037916666666666667,0.0,0.0,0.0,0.0
030907,12,Les Produits Forino inc.,72934.0,Autre culture de légumes (sauf patate) & melons,Sainte-Clotilde,0.0037916666666666667,0.0048069,2022.0,2024.0,0.0,0.0,0.0,0.0,0.0037944444444444445,0.0037942708333333335,0.0025277777777777777,0.0037916666666666667,0.0,0.0,0.0,0.0
030907,13,Les fermes R.R. & Fils inc.,72400.0,Autre culture de légumes (sauf patate) & melons,Saint-Michel,0.0036160714285714294,0.0010686913710208075,2020.0,2023.0,0.0,0.0,0.0,0.0,0.001165132336018412,0.009395945040214477,0.0036160714285714294,0.0,0.0,0.0,0.0,0.0
030907,14,Les fermes R.R. & Fils inc.,72757.0,Autre culture de légumes (sauf patate) & melons,Saint-Patrice-de-Sherrington,0.0034461128254108194,0.0008932324443464845,2021.0,2021.0,0.0,0.0,0.0,0.0,0.0,0.0,0.0,0.0034461128254108194,0.0,0.0,0.0,0.0
030907,15,CONSTRUCTION DJL INC.,70921.0,Extraction de pierre,Sainte-Clotilde,0.00341201783233867,0.11118062391165165,2020.0,2024.0,0.003995763142174433,0.003954108254652436,0.003304768131784904,0.0032394027497097875,0.0034358804414993576,0.003549363831496583,0.00341201783233867,0.0033408403383123854,0.003513152383140903,0.0036987197645707397,0.0033612301217904685,0.0035496672640382317
030907,16,LES JARDINS A. GUÉRIN ET FILS INC.,70966.0,Culture de légumes & de melons,Saint-Patrice-de-Sherrington,0.0031325966850828725,0.0015799445093024615,2020.0,2020.0,0.0,0.0,0.0,0.0,0.0,0.0,0.002003533568904593,0.0031325966850828725,0.0,0.0,0.0,0.0
030907,17,MARAÎCHERS J.P.L. GUERIN & FILS INC.,70693.0,Culture de légumes & de melons,Saint-Patrice-de-Sherrington,0.0026692733690360276,0.016747523179203715,2020.0,2020.0,0.0,0.0,0.0,0.00043465562652432926,0.01095240771186022,0.0119281812282199,0.0026692733690360276,0.0,0.0,0.0,0.0,0.0
030907,18,PRODUCTIONS MARAÎCHÈRES BREIZH INC.,72529.0,Culture de légumes & de melons,Saint-Michel,0.0021750516477499005,0.003441115,2021.0,2024.0,0.0,0.0,0.0,0.0,0.003800443672839506,0.003909309895833333,0.0021750516477499005,0.0013016465053763441,5.787037037037037e-08,8.400537634408602e-08,1.736111111111111e-08,0.0
030907,19,MARAÎCHERS J.P.L. GUERIN & FILS INC.,70690.0,Culture de légumes & de melons,Saint-Patrice-de-Sherrington,0.002021652121124695,0.0016146431742140473,2020.0,2021.0,0.0,0.0,0.0,0.0012161458333333332,0.002178605693137008,0.0008977361906257656,0.002021652121124695,5.887972499531309e-05,0.0,0.0,0.0,0.0
030907,20,R.G.R. GUINOIS INC.,72169.0,Culture de légumes & de melons,Sainte-Clotilde,0.0018272487560542373,0.0015611001181551271,2020.0,2023.0,0.0,0.0,0.0,0.0,0.0012952589477551737,0.0013100671738838674,0.0,0.0018272487560542373,0.0,0.0,0.0,0.0
030907,21,+ 35 autres préleveurs,,,,0.0178897562751759,,,,0.0024119427974057008,0.0028408970926553094,0.0035634189070771014,0.01180365655812563,0.03651240377437002,0.021399864159109667,0.013052501965113556,0.010168463268770486,0.0025430387921295235,0.0019793154159716683,0.0026284064997563355,0.004134913780502155
030919,1,R.G.R. GUINOIS INC.,72182.0,Culture de légumes & de melons,Saint-Chrysostome,0.08625385802469136,0.008739033333333333,2021.0,2023.0,0.0,0.0,0.0,0.0,0.001489236111111111,0.0,0.08625385802469136,0.0,0.0,0.0,0.0,0.0
030919,2,R.G.R. GUINOIS INC.,72168.0,Culture de légumes & de melons,Sainte-Clotilde,0.06634439301421405,0.006483768622971045,2020.0,2023.0,0.0,0.0,0.0,0.0,0.0024297934867797337,0.0,0.06634439301421405,0.0,0.0,0.0,0.0,0.0
030919,3,R.G.R. GUINOIS INC.,72167.0,Culture de légumes & de melons,Sainte-Clotilde,0.046144776138388764,0.005245036599971325,2021.0,2023.0,0.0,0.0,0.0,0.0,0.0,0.0,0.046144776138388764,0.0006852182835203387,0.0,0.0,0.0,0.0
030919,4,LISE ET MICHEL LEGAULT INC.,66783.0,Culture de légumes & de melons,Sainte-Clotilde,0.02398958333333333,0.0130761,2021.0,2021.0,0.0,0.0,0.0,0.0,0.01784895833333333,0.01065625,0.02398958333333333,0.0,0.0,0.0,0.0,0.0
030919,5,LES JARDINS A. GUÉRIN ET FILS INC.,71737.0,Culture de légumes & de melons,Saint-Patrice-de-Sherrington,0.01006583856202799,0.03062137512936771,2020.0,2024.0,0.0,0.0,0.0,0.002514583333333333,0.011186319337549124,0.009841854558144982,0.01006583856202799,0.006808395171806349,0.00290625,0.0,0.0,0.0
030919,6,MARAÎCHERS J.P.L. GUERIN & FILS INC.,71305.0,Culture de légumes & de melons,Saint-Patrice-de-Sherrington,0.008979166666666667,0.0045342,2021.0,2021.0,0.0,0.0,0.0,0.0,0.0031927083333333334,0.0,0.0,0.008979166666666667,0.0,0.0,0.0,0.0
030919,7,VILLE DE HUNTINGDON,50562.0,Réseaux d'aqueduc & systèmes d'irrigation,Huntingdon,0.007717522774790919,0.23893473,2020.0,2024.0,0.00767741935483871,0.008272300047892719,0.008528192204301075,0.008041296296296296,0.007170934139784946,0.007396481481481481,0.007717522774790919,0.007039675925925926,0.006915416666666667,0.006866739471326164,0.007397708333333333,0.007985674283154123
030919,8,LES FERMES E. NOTARO ET FILS INC.,72215.0,"Culture en serre, en pépinière & floriculture",Saint-Patrice-de-Sherrington,0.006819124751984127,0.0067754823,2020.0,2021.0,0.0,0.0,0.0,0.0,0.0,0.0,0.0,0.006819124751984127,0.0,0.0,0.0,0.0
030919,9,MARAÎCHERS J.P.L. GUERIN & FILS INC.,70691.0,Culture de légumes & de melons,Sainte-Clotilde,0.005600420138541714,0.009624369305849206,2020.0,2021.0,0.0,0.0,0.0,0.0,0.0031661535097809827,0.0037908187126861224,0.005600420138541714,0.0025515195289643067,0.0,0.0,0.0,0.0
030919,10,Les fermes R.R. & Fils inc.,71770.0,Autre culture de légumes (sauf patate) & melons,Saint-Patrice-de-Sherrington,0.004479166666666667,0.0005582835702633419,2020.0,2021.0,0.0,0.0,0.0,0.0,0.0,0.0009912243649498951,0.0,0.004479166666666667,0.0,0.0,0.0,0.0
030919,11,MARAÎCHERS J.P.L. GUERIN & FILS INC.,70696.0,Culture de légumes & de melons,Saint-Patrice-de-Sherrington,0.0041579861111111106,0.0050238,2021.0,2021.0,0.0,0.0,0.0,0.0,0.0013154761904761905,0.0049375,0.0033020833333333335,0.0041579861111111106,0.0030486111111111113,0.0,0.0,0.0
030919,12,Les Produits Forino inc.,72935.0,Autre culture de légumes (sauf patate) & melons,Saint-Patrice-de-Sherrington,0.00379375,0.0049152,2022.0,2024.0,0.0,0.0,0.0,0.0,0.0037916666666666667,0.002529513888888889,0.00379375,0.0037916666666666667,0.0,0.0,0.0,0.0
030919,13,Les Produits Forino inc.,72934.0,Autre culture de légumes (sauf patate) & melons,Sainte-Clotilde,0.0037916666666666667,0.0048069,2022.0,2024.0,0.0,0.0,0.0,0.0,0.0037944444444444445,0.0037942708333333335,0.0025277777777777777,0.0037916666666666667,0.0,0.0,0.0,0.0
030919,14,Les fermes R.R. & Fils inc.,72400.0,Autre culture de légumes (sauf patate) & melons,Saint-Michel,0.0036160714285714294,0.0010686913710208075,2020.0,2023.0,0.0,0.0,0.0,0.0,0.001165132336018412,0.009395945040214477,0.0036160714285714294,0.0,0.0,0.0,0.0,0.0
030919,15,Les fermes R.R. & Fils inc.,72757.0,Autre culture de légumes (sauf patate) & melons,Saint-Patrice-de-Sherrington,0.0034461128254108194,0.0008932324443464845,2021.0,2021.0,0.0,0.0,0.0,0.0,0.0,0.0,0.0,0.0034461128254108194,0.0,0.0,0.0,0.0
030919,16,CONSTRUCTION DJL INC.,70921.0,Extraction de pierre,Sainte-Clotilde,0.00341201783233867,0.11118062391165165,2020.0,2024.0,0.003995763142174433,0.003954108254652436,0.003304768131784904,0.0032394027497097875,0.0034358804414993576,0.003549363831496583,0.00341201783233867,0.0033408403383123854,0.003513152383140903,0.0036987197645707397,0.0033612301217904685,0.0035496672640382317
030919,17,LES JARDINS A. GUÉRIN ET FILS INC.,70966.0,Culture de légumes & de melons,Saint-Patrice-de-Sherrington,0.0031325966850828725,0.0015799445093024615,2020.0,2020.0,0.0,0.0,0.0,0.0,0.0,0.0,0.002003533568904593,0.0031325966850828725,0.0,0.0,0.0,0.0
030919,18,MARAÎCHERS J.P.L. GUERIN & FILS INC.,70693.0,Culture de légumes & de melons,Saint-Patrice-de-Sherrington,0.0026692733690360276,0.016747523179203715,2020.0,2020.0,0.0,0.0,0.0,0.00043465562652432926,0.01095240771186022,0.0119281812282199,0.0026692733690360276,0.0,0.0,0.0,0.0,0.0
030919,19,PRODUCTIONS MARAÎCHÈRES BREIZH INC.,72529.0,Culture de légumes & de melons,Saint-Michel,0.0021750516477499005,0.003441115,2021.0,2024.0,0.0,0.0,0.0,0.0,0.003800443672839506,0.003909309895833333,0.0021750516477499005,0.0013016465053763441,5.787037037037037e-08,8.400537634408602e-08,1.736111111111111e-08,0.0
030919,20,MARAÎCHERS J.P.L. GUERIN & FILS INC.,70690.0,Culture de légumes & de melons,Saint-Patrice-de-Sherrington,0.002021652121124695,0.0016146431742140473,2020.0,2021.0,0.0,0.0,0.0,0.0012161458333333332,0.002178605693137008,0.0008977361906257656,0.002021652121124695,5.887972499531309e-05,0.0,0.0,0.0,0.0
030919,21,+ 36 autres préleveurs,,,,0.019717005031230136,,,,0.0024119427974057008,0.002840897092655309,0.0035634189070771014,0.01180365655812563,0.03780766272212519,0.02270993133299353,0.013052501965113556,0.011995712024824724,0.0025430387921295235,0.0019793154159716683,0.0026284064997563355,0.004134913780502155
030920,1,R.G.R. GUINOIS INC.,72182.0,Culture de légumes & de melons,Saint-Chrysostome,0.08625385802469136,0.008739033333333333,2021.0,2023.0,0.0,0.0,0.0,0.0,0.001489236111111111,0.0,0.08625385802469136,0.0,0.0,0.0,0.0,0.0
030920,2,R.G.R. GUINOIS INC.,72168.0,Culture de légumes & de melons,Sainte-Clotilde,0.06634439301421405,0.006483768622971045,2020.0,2023.0,0.0,0.0,0.0,0.0,0.0024297934867797337,0.0,0.06634439301421405,0.0,0.0,0.0,0.0,0.0
030920,3,R.G.R. GUINOIS INC.,72167.0,Culture de légumes & de melons,Sainte-Clotilde,0.046144776138388764,0.005245036599971325,2021.0,2023.0,0.0,0.0,0.0,0.0,0.0,0.0,0.046144776138388764,0.0006852182835203387,0.0,0.0,0.0,0.0
030920,4,LISE ET MICHEL LEGAULT INC.,66783.0,Culture de légumes & de melons,Sainte-Clotilde,0.02398958333333333,0.0130761,2021.0,2021.0,0.0,0.0,0.0,0.0,0.01784895833333333,0.01065625,0.02398958333333333,0.0,0.0,0.0,0.0,0.0
030920,5,LES JARDINS A. GUÉRIN ET FILS INC.,71737.0,Culture de légumes & de melons,Saint-Patrice-de-Sherrington,0.01006583856202799,0.03062137512936771,2020.0,2024.0,0.0,0.0,0.0,0.002514583333333333,0.011186319337549124,0.009841854558144982,0.01006583856202799,0.006808395171806349,0.00290625,0.0,0.0,0.0
030920,6,MARAÎCHERS J.P.L. GUERIN & FILS INC.,71305.0,Culture de légumes & de melons,Saint-Patrice-de-Sherrington,0.008979166666666667,0.0045342,2021.0,2021.0,0.0,0.0,0.0,0.0,0.0031927083333333334,0.0,0.0,0.008979166666666667,0.0,0.0,0.0,0.0
030920,7,LES FERMES E. NOTARO ET FILS INC.,72215.0,"Culture en serre, en pépinière & floriculture",Saint-Patrice-de-Sherrington,0.006819124751984127,0.0067754823,2020.0,2021.0,0.0,0.0,0.0,0.0,0.0,0.0,0.0,0.006819124751984127,0.0,0.0,0.0,0.0
030920,8,MARAÎCHERS J.P.L. GUERIN & FILS INC.,70691.0,Culture de légumes & de melons,Sainte-Clotilde,0.005600420138541714,0.009624369305849206,2020.0,2021.0,0.0,0.0,0.0,0.0,0.0031661535097809827,0.0037908187126861224,0.005600420138541714,0.0025515195289643067,0.0,0.0,0.0,0.0
030920,9,MARAÎCHERS J.P.L. GUERIN & FILS INC.,70696.0,Culture de légumes & de melons,Saint-Patrice-de-Sherrington,0.0041579861111111106,0.0050238,2021.0,2021.0,0.0,0.0,0.0,0.0,0.0013154761904761905,0.0049375,0.0033020833333333335,0.0041579861111111106,0.0030486111111111113,0.0,0.0,0.0
030920,10,Les fermes R.R. & Fils inc.,72757.0,Autre culture de légumes (sauf patate) & melons,Saint-Patrice-de-Sherrington,0.0034461128254108194,0.0008932324443464845,2021.0,2021.0,0.0,0.0,0.0,0.0,0.0,0.0,0.0,0.0034461128254108194,0.0,0.0,0.0,0.0
030920,11,LES JARDINS A. GUÉRIN ET FILS INC.,70966.0,Culture de légumes & de melons,Saint-Patrice-de-Sherrington,0.0031325966850828725,0.0015799445093024615,2020.0,2020.0,0.0,0.0,0.0,0.0,0.0,0.0,0.002003533568904593,0.0031325966850828725,0.0,0.0,0.0,0.0
030920,12,MARAÎCHERS J.P.L. GUERIN & FILS INC.,70693.0,Culture de légumes & de melons,Saint-Patrice-de-Sherrington,0.0026692733690360276,0.016747523179203715,2020.0,2020.0,0.0,0.0,0.0,0.00043465562652432926,0.01095240771186022,0.0119281812282199,0.0026692733690360276,0.0,0.0,0.0,0.0,0.0
030920,13,MARAÎCHERS J.P.L. GUERIN & FILS INC.,70690.0,Culture de légumes & de melons,Saint-Patrice-de-Sherrington,0.002021652121124695,0.0016146431742140473,2020.0,2021.0,0.0,0.0,0.0,0.0012161458333333332,0.002178605693137008,0.0008977361906257656,0.002021652121124695,5.887972499531309e-05,0.0,0.0,0.0,0.0
030920,14,R.G.R. GUINOIS INC.,72169.0,Culture de légumes & de melons,Sainte-Clotilde,0.0018272487560542373,0.0015611001181551271,2020.0,2023.0,0.0,0.0,0.0,0.0,0.0012952589477551737,0.0013100671738838674,0.0,0.0018272487560542373,0.0,0.0,0.0,0.0
030920,15,LES FERMES LECLAIR & FRÈRES LTÉE,71294.0,Autre culture de légumes (sauf patate) & melons,Sainte-Clotilde,0.0016666666666666668,0.00328002,2021.0,2023.0,0.0,0.0,0.0,0.0014583333333333332,0.0013385416666666667,0.0012639605379188713,0.0016666666666666668,0.0008680555555555555,0.0,0.0,0.0,0.0
030920,16,R.G.R. GUINOIS INC.,72174.0,Culture de légumes & de melons,Hemmingford,0.001128241223424795,0.0003985298319829066,2020.0,2023.0,0.0,0.0,0.0,0.0,0.0010708144081228981,0.0005109812215480922,0.0,0.001128241223424795,0.0,0.0,0.0,0.0
030920,17,R.G.R. GUINOIS INC.,72164.0,Culture de légumes & de melons,Sainte-Clotilde,0.0008475646293442904,0.00016631867069268026,2020.0,2023.0,0.0,0.0,0.0,0.0,0.0005569152118344482,0.0005205047733198755,0.0008475646293442904,0.0,0.0,0.0,0.0,0.0
030920,18,LES FERMES LECLAIR & FRÈRES LTÉE,73070.0,Autre culture de légumes (sauf patate) & melons,Saint-Patrice-de-Sherrington,0.0008391203703703704,0.00044859,2021.0,2023.0,0.0,0.0,0.0,0.0,0.0013430555555555555,5.3906250000000006e-05,0.00011574074074074075,0.0008391203703703704,0.0,0.0,0.0,0.0
030920,19,LES FERMES LECLAIR & FRÈRES LTÉE,71293.0,Autre culture de légumes (sauf patate) & melons,Saint-Patrice-de-Sherrington,0.0007161458333333334,0.000315,2021.0,2022.0,0.0,0.0,0.0,0.00026041666666666666,0.00026041666666666666,0.0006944444444444445,0.0007161458333333334,0.0003255208333333333,0.0,0.0,0.0,0.0
030920,20,Les fermes R.R. & Fils inc.,71771.0,Autre culture de légumes (sauf patate) & melons,Saint-Patrice-de-Sherrington,0.0005580357142857143,0.0001398174314592993,2020.0,2023.0,0.0,0.0,0.0,0.0,8.100518433179724e-05,0.000352600923301238,0.0005580357142857143,0.0,0.0,0.0,0.0,0.0
030920,21,+ 9 autres préleveurs,,,,0.0010395330905762497,,,,6.80827876984127e-05,0.0,6.80827876984127e-05,0.002097743055555556,0.017186862423765215,0.008934248352782097,0.0007289930555555556,0.000310540035020694,0.0,0.0,0.0,0.0
030921,1,R.G.R. GUINOIS INC.,72182.0,Culture de légumes & de melons,Saint-Chrysostome,0.08625385802469136,0.008739033333333333,2021.0,2023.0,0.0,0.0,0.0,0.0,0.001489236111111111,0.0,0.08625385802469136,0.0,0.0,0.0,0.0,0.0
030921,2,R.G.R. GUINOIS INC.,72168.0,Culture de légumes & de melons,Sainte-Clotilde,0.06634439301421405,0.006483768622971045,2020.0,2023.0,0.0,0.0,0.0,0.0,0.0024297934867797337,0.0,0.06634439301421405,0.0,0.0,0.0,0.0,0.0
030921,3,R.G.R. GUINOIS INC.,72167.0,Culture de légumes & de melons,Sainte-Clotilde,0.046144776138388764,0.005245036599971325,2021.0,2023.0,0.0,0.0,0.0,0.0,0.0,0.0,0.046144776138388764,0.0006852182835203387,0.0,0.0,0.0,0.0
030921,4,LISE ET MICHEL LEGAULT INC.,66783.0,Culture de légumes & de melons,Sainte-Clotilde,0.02398958333333333,0.0130761,2021.0,2021.0,0.0,0.0,0.0,0.0,0.01784895833333333,0.01065625,0.02398958333333333,0.0,0.0,0.0,0.0,0.0
030921,5,LES JARDINS A. GUÉRIN ET FILS INC.,71737.0,Culture de légumes & de melons,Saint-Patrice-de-Sherrington,0.01006583856202799,0.03062137512936771,2020.0,2024.0,0.0,0.0,0.0,0.002514583333333333,0.011186319337549124,0.009841854558144982,0.01006583856202799,0.006808395171806349,0.00290625,0.0,0.0,0.0
030921,6,MARAÎCHERS J.P.L. GUERIN & FILS INC.,71305.0,Culture de légumes & de melons,Saint-Patrice-de-Sherrington,0.008979166666666667,0.0045342,2021.0,2021.0,0.0,0.0,0.0,0.0,0.0031927083333333334,0.0,0.0,0.008979166666666667,0.0,0.0,0.0,0.0
030921,7,LES FERMES E. NOTARO ET FILS INC.,72215.0,"Culture en serre, en pépinière & floriculture",Saint-Patrice-de-Sherrington,0.006819124751984127,0.0067754823,2020.0,2021.0,0.0,0.0,0.0,0.0,0.0,0.0,0.0,0.006819124751984127,0.0,0.0,0.0,0.0
030921,8,MARAÎCHERS J.P.L. GUERIN & FILS INC.,70691.0,Culture de légumes & de melons,Sainte-Clotilde,0.005600420138541714,0.009624369305849206,2020.0,2021.0,0.0,0.0,0.0,0.0,0.0031661535097809827,0.0037908187126861224,0.005600420138541714,0.0025515195289643067,0.0,0.0,0.0,0.0
030921,9,Les fermes R.R. & Fils inc.,71770.0,Autre culture de légumes (sauf patate) & melons,Saint-Patrice-de-Sherrington,0.004479166666666667,0.0005582835702633419,2020.0,2021.0,0.0,0.0,0.0,0.0,0.0,0.0009912243649498951,0.0,0.004479166666666667,0.0,0.0,0.0,0.0
030921,10,MARAÎCHERS J.P.L. GUERIN & FILS INC.,70696.0,Culture de légumes & de melons,Saint-Patrice-de-Sherrington,0.0041579861111111106,0.0050238,2021.0,2021.0,0.0,0.0,0.0,0.0,0.0013154761904761905,0.0049375,0.0033020833333333335,0.0041579861111111106,0.0030486111111111113,0.0,0.0,0.0
030921,11,Les Produits Forino inc.,72935.0,Autre culture de légumes (sauf patate) & melons,Saint-Patrice-de-Sherrington,0.00379375,0.0049152,2022.0,2024.0,0.0,0.0,0.0,0.0,0.0037916666666666667,0.002529513888888889,0.00379375,0.0037916666666666667,0.0,0.0,0.0,0.0
030921,12,Les Produits Forino inc.,72934.0,Autre culture de légumes (sauf patate) & melons,Sainte-Clotilde,0.0037916666666666667,0.0048069,2022.0,2024.0,0.0,0.0,0.0,0.0,0.0037944444444444445,0.0037942708333333335,0.0025277777777777777,0.0037916666666666667,0.0,0.0,0.0,0.0
030921,13,Les fermes R.R. & Fils inc.,72400.0,Autre culture de légumes (sauf patate) & melons,Saint-Michel,0.0036160714285714294,0.0010686913710208075,2020.0,2023.0,0.0,0.0,0.0,0.0,0.001165132336018412,0.009395945040214477,0.0036160714285714294,0.0,0.0,0.0,0.0,0.0
030921,14,Les fermes R.R. & Fils inc.,72757.0,Autre culture de légumes (sauf patate) & melons,Saint-Patrice-de-Sherrington,0.0034461128254108194,0.0008932324443464845,2021.0,2021.0,0.0,0.0,0.0,0.0,0.0,0.0,0.0,0.0034461128254108194,0.0,0.0,0.0,0.0
030921,15,CONSTRUCTION DJL INC.,70921.0,Extraction de pierre,Sainte-Clotilde,0.00341201783233867,0.11118062391165165,2020.0,2024.0,0.003995763142174433,0.003954108254652436,0.003304768131784904,0.0032394027497097875,0.0034358804414993576,0.003549363831496583,0.00341201783233867,0.0033408403383123854,0.003513152383140903,0.0036987197645707397,0.0033612301217904685,0.0035496672640382317
030921,16,LES JARDINS A. GUÉRIN ET FILS INC.,70966.0,Culture de légumes & de melons,Saint-Patrice-de-Sherrington,0.0031325966850828725,0.0015799445093024615,2020.0,2020.0,0.0,0.0,0.0,0.0,0.0,0.0,0.002003533568904593,0.0031325966850828725,0.0,0.0,0.0,0.0
030921,17,MARAÎCHERS J.P.L. GUERIN & FILS INC.,70693.0,Culture de légumes & de melons,Saint-Patrice-de-Sherrington,0.0026692733690360276,0.016747523179203715,2020.0,2020.0,0.0,0.0,0.0,0.00043465562652432926,0.01095240771186022,0.0119281812282199,0.0026692733690360276,0.0,0.0,0.0,0.0,0.0
030921,18,PRODUCTIONS MARAÎCHÈRES BREIZH INC.,72529.0,Culture de légumes & de melons,Saint-Michel,0.0021750516477499005,0.003441115,2021.0,2024.0,0.0,0.0,0.0,0.0,0.003800443672839506,0.003909309895833333,0.0021750516477499005,0.0013016465053763441,5.787037037037037e-08,8.400537634408602e-08,1.736111111111111e-08,0.0
030921,19,MARAÎCHERS J.P.L. GUERIN & FILS INC.,70690.0,Culture de légumes & de melons,Saint-Patrice-de-Sherrington,0.002021652121124695,0.0016146431742140473,2020.0,2021.0,0.0,0.0,0.0,0.0012161458333333332,0.002178605693137008,0.0008977361906257656,0.002021652121124695,5.887972499531309e-05,0.0,0.0,0.0,0.0
030921,20,R.G.R. GUINOIS INC.,72169.0,Culture de légumes & de melons,Sainte-Clotilde,0.0018272487560542373,0.0015611001181551271,2020.0,2023.0,0.0,0.0,0.0,0.0,0.0012952589477551737,0.0013100671738838674,0.0,0.0018272487560542373,0.0,0.0,0.0,0.0
030921,21,+ 35 autres préleveurs,,,,0.0178897562751759,,,,0.0024119427974057008,0.0028408970926553094,0.0035634189070771014,0.01180365655812563,0.03651240377437002,0.021399864159109667,0.013052501965113556,0.010168463268770486,0.0025430387921295235,0.0019793154159716683,0.0026284064997563355,0.004134913780502155
040129,1,VILLE DE SAINTE-AGATHE-DES-MONTS,63053.0,Réseaux d'aqueduc & systèmes d'irrigation,Sainte-Agathe-des-Monts,0.02890023148148148,0.76757772,2020.0,2024.0,0.022667281461569093,0.022492400166484218,0.022874260752688176,0.021918572530864194,0.025314374253285542,0.027840385802469135,0.02890023148148148,0.02788343787335723,0.02487244598765432,0.022965068697729987,0.02193914351851852,0.02176953405017921
040129,2,Gestion Multi-Média Inter inc.,46956.0,Terrains de golf & country clubs,Grenville-sur-la-Rouge,0.014805989583333332,0.08804379375,2020.0,2023.0,0.0,0.0,0.0,0.0,0.007588414578794481,0.011965027573529411,0.014805989583333332,0.012584859476461038,0.011786765146072797,0.0,0.0,0.0
040129,3,LE PRIVÉ INC.,58532.0,Autres services de divertissement & loisirs,Morin-Heights,0.0027803269144748614,0.0131157762,2020.0,2024.0,0.0,0.0,0.0,0.0007349537037037037,0.0008362407407407407,0.0034256944444444443,0.0027803269144748614,0.0026524974647266315,0.0007227020022158911,6.302083333333333e-05,0.0,0.0
040129,4,Information personnelle,59105.0,Terrains de golf & country clubs,Val-David,0.0010822371537269639,0.010235843639999999,2020.0,2024.0,0.0,0.0,0.0,0.0002327440476190476,0.001080986301931508,0.0012092624304575255,0.0010822371537269639,0.000605134551314442,0.0006993072723169756,0.00027691210069444446,0.0,0.0
040129,5,LES SOMMETS DE LA VALLÉE INC.,70777.0,Centres de ski,Saint-Sauveur,0.00026397916666666665,0.016131628134173587,2020.0,2024.0,0.0028968983786431144,0.0011878914531735505,0.0,0.0,7.212094907407407e-05,0.0001123442901234568,6.556886574074074e-05,0.00026397916666666665,0.0001074930362654321,0.0004920602603997335,0.0018389332612707998,0.004279250785036884
040129,6,CHALETS ROYAL LAURENTIEN INC.,73195.0,Terrains de golf & country clubs,Mont-Blanc,0.00023521505376344087,0.002277,2022.0,2022.0,0.0,0.0,0.0,0.0,8.400537634408601e-05,0.00017361111111111112,0.00021169354838709677,0.00023521505376344087,0.0001388888888888889,1.6801075268817204e-05,0.0,0.0
040129,7,CAMP BNAI BRITH INC.,67527.0,Réseaux d'aqueduc & systèmes d'irrigation,Sainte-Agathe-des-Monts,1.1592741935483873e-06,1.0092e-05,2020.0,2024.0,4.973118279569892e-07,2.40105021893815e-07,2.1477374551971323e-07,8.680555555555556e-08,5.936379928315412e-08,1.9212962962962962e-07,3.136200716845878e-07,1.1592741935483873e-06,8.460648148148148e-07,1.0304659498207884e-07,6.481481481481481e-08,6.272401433691757e-08
040129,8,DÉVELOPPEMENT DE SKI BELLE NEIGE INC.,46001.0,Centres de ski,Val-Morin,0.0,0.00202055198,2020.0,2024.0,0.0002668379970043573,0.0,0.0,0.0,0.0,0.0,0.0,0.0,0.0,0.0,0.0005502488425925926,0.000576592439516129
040129,9,LES SOMMETS DE LA VALLÉE INC.,52101.0,Centres de ski,Morin-Heights,0.0,0.0098181316,2020.0,2024.0,0.003204798559886142,0.00043111651234567906,0.0,0.0,0.0,0.0,0.0,0.0,0.0,3.154513888888889e-05,0.002741234554122575,0.003049766298628264
040129,10,9008-2868 Québec inc.,69685.0,Centres de ski,Saint-Sauveur,0.0,0.00592528,2020.0,2024.0,0.0005594907407407407,0.0,0.0,0.0,0.0,0.0,0.0,0.0,0.0,0.0,0.0017076375110229274,0.003391343964486379
040201,1,CLUBLINK CORPORATION ULC,47392.0,Terrains de golf & country clubs,Mont-Tremblant,0.024410151933781113,0.0734141011764228,2020.0,2024.0,0.0,0.0,0.0,0.0,0.01625823316373434,0.023784346136960347,0.024410151933781113,0.023627841437426928,0.021486858701026394,0.005061239583333334,0.0,0.0
040201,2,VILLE DE MONT-TREMBLANT,61011.0,Réseaux d'aqueduc & systèmes d'irrigation,Mont-Tremblant,0.017166666666666667,0.40688195,2020.0,2024.0,0.012487981630824374,0.013110212409916073,0.012722912933094386,0.00992425925925926,0.011015781810035843,0.014966184413580247,0.017166666666666667,0.016668593189964158,0.013928486000881835,0.012037589605734766,0.00939354938271605,0.011529297341696535
040201,3,VILLE DE MONT-TREMBLANT,60326.0,Réseaux d'aqueduc & systèmes d'irrigation,Mont-Tremblant,0.013775518966547195,0.38002424,2020.0,2024.0,0.01142886424731183,0.010827275331828133,0.009979416816009558,0.009404216820987655,0.011655891577060932,0.013475636574074074,0.013775518966547195,0.013215931152927119,0.02011604552469136,0.010597976403823178,0.010145286044973546,0.010403884159697332
040201,4,CLUBLINK CORPORATION ULC,55352.0,Terrains de golf & country clubs,Mont-Tremblant,0.012223117927178855,0.0203518835364228,2020.0,2024.0,0.0,0.0,0.0,0.0,0.006747653190651642,0.011877233658373088,0.011527407413310816,0.012223117927178855,0.011255165998912508,0.0037304739583333335,0.0,0.0
040201,5,3090-9626 QUÉBEC INC.,58575.0,Terrains de golf & country clubs,Mont-Tremblant,0.010561342592592593,0.036725,2020.0,2020.0,0.0,0.0,0.0,0.0,0.007835648148148147,0.007531415343915343,0.010087719298245612,0.010561342592592593,0.005960648148148148,0.001388888888888889,0.0,0.0
040201,6,MUNICIPALITÉ DE LABELLE,50816.0,Réseaux d'aqueduc & systèmes d'irrigation,Labelle,0.010347994374751094,0.278737454,2020.0,2024.0,0.008015735513739545,0.008897580020753512,0.009238077956989247,0.008464890432098766,0.009987379778972521,0.010126003086419751,0.010347994374751094,0.009155537634408602,0.008704872685185185,0.008287853942652329,0.007340533950617284,0.007418830645161291
040201,7,STATION MONT TREMBLANT SOCIÉTÉ EN COMMANDITE,47510.0,Terrains de golf & country clubs,Mont-Tremblant,0.007527294430311635,0.02195427599384628,2020.0,2024.0,0.0,0.0,0.0,0.0,0.003655478189518978,0.0035680771946846298,0.004757647904089904,0.007527294430311635,0.0016049411915143314,0.0,0.0,0.0
040201,8,3090-9626 QUÉBEC INC.,58678.0,Terrains de golf & country clubs,Mont-Tremblant,0.006559347951431285,0.05937634,2020.0,2024.0,0.0,0.0,0.0,0.00125,0.008528983350798484,0.007842689206593192,0.006559347951431285,0.006267420823346749,0.003824285037605988,0.0018132094243205354,0.0,0.0
040201,9,STATION MONT TREMBLANT SOCIÉTÉ EN COMMANDITE,50538.0,Terrains de golf & country clubs,Mont-Tremblant,0.005620005309650301,0.053424743942358695,2020.0,2024.0,0.0,0.0,0.0,0.0,0.008198133785775335,0.007092064973105328,0.005315367490893224,0.005620005309650301,0.004657432487024377,0.00013541666666666666,0.0,0.0
040201,10,Club de golf nominingue inc.,58615.0,Terrains de golf & country clubs,Nominingue,0.002663390377212062,0.0149957,2020.0,2024.0,0.0,0.0,0.0,0.0009071502057613167,0.001789607771260997,0.002190148330896686,0.002663390377212062,0.0017872461170848268,0.0009672839506172839,0.00020765817901234566,0.0,0.0
040201,11,CANTON D'AMHERST,52521.0,Réseaux d'aqueduc & systèmes d'irrigation,Amherst,0.00021012544802867384,0.0065524125,2021.0,2024.0,0.00021153953853046594,0.00021790439415708815,0.00020522513440860216,0.00019427083333333332,0.0002006888440860215,0.0002115162037037037,0.00020991543458781362,0.00021012544802867384,0.00019563078703703705,0.0002008008512544803,0.00020245949074074074,0.00023158882168458782
040201,12,MUNICIPALITÉ DE LAC-SUPÉRIEUR,63140.0,Réseaux d'aqueduc & systèmes d'irrigation,Lac-Supérieur,9.699092741935483e-05,0.0015536025,2024.0,2024.0,4.186267921146954e-05,5.123922413793103e-05,5.1252240143369176e-05,2.1739583333333334e-05,3.213653673835125e-05,5.352546296296297e-05,9.699092741935483e-05,7.65630600358423e-05,4.6267939814814814e-05,4.436435931899641e-05,2.4061921296296294e-05,4.804715501792115e-05
040201,13,9027-6346 QUÉBEC INC.,45862.0,Terrains de golf & country clubs,Amherst,3.444220430107527e-05,0.00013725,2020.0,2024.0,0.0,0.0,0.0,0.0,0.0,1.736111111111111e-05,2.4025537634408602e-05,3.444220430107527e-05,4.557291666666667e-05,0.0,0.0,0.0
040201,14,CANTON D'AMHERST,49021.0,Réseaux d'aqueduc & systèmes d'irrigation,Amherst,2.5e-05,0.00079056,2020.0,2024.0,2.5e-05,2.5529556650246306e-05,2.5e-05,2.5e-05,2.5e-05,2.5e-05,2.5e-05,2.5e-05,2.5e-05,2.5e-05,2.5e-05,2.5e-05
040201,15,9027-6346 QUÉBEC INC.,60036.0,Réseaux d'aqueduc & systèmes d'irrigation,Amherst,7.224462365591398e-06,2.025e-05,2020.0,2023.0,0.0,0.0,0.0,0.0,3.472222222222222e-05,7.1855709876543204e-06,7.224462365591398e-06,6.067054958183991e-06,6.172839506172839e-06,1.4467592592592592e-06,0.0,0.0
040201,16,MONT BLANC SOCIÉTE EN COMMANDITE,46040.0,Centres de ski,Mont-Blanc,0.0,0.027309922,2020.0,2024.0,0.006303369488536155,0.00047453703703703704,0.0,0.0,0.0,0.0,0.0,0.0,0.0,1.388888888888889e-05,0.007835008968654803,0.009620187645374843
040201,17,STATION MONT TREMBLANT SOCIÉTÉ EN COMMANDITE,50338.0,Centres de ski,Mont-Tremblant,0.0,0.03169337612446124,2020.0,2024.0,0.005670261021540088,2.2971827549986634e-05,0.0,0.0,0.0,0.0,0.0,0.0,0.0,0.0014209572832148945,0.005231673645274543,0.0074493905361587166
040201,18,STATION MONT TREMBLANT SOCIÉTÉ EN COMMANDITE,57207.0,Centres de ski,Lac-Supérieur,0.0,0.02978320849479585,2020.0,2024.0,0.005068016175133581,2.01609143965244e-05,0.0,0.0,0.0,0.0,0.0,0.0,0.0,0.00016832242181716878,0.00610271947579131,0.0065968333464095875
040201,19,STATION MONT TREMBLANT SOCIÉTÉ EN COMMANDITE,73366.0,Centres de ski,Mont-Tremblant,0.0,0.00011930102994580244,2024.0,2024.0,1.581504285026086e-08,2.005507662835249e-05,1.736111111111111e-05,1.736111111111111e-05,0.0,0.0,0.0,0.0,0.0,0.0,4.681993039786602e-09,1.727035934110396e-09
040204,1,CLUBLINK CORPORATION ULC,47392.0,Terrains de golf & country clubs,Mont-Tremblant,0.024410151933781113,0.0734141011764228,2020.0,2024.0,0.0,0.0,0.0,0.0,0.01625823316373434,0.023784346136960347,0.024410151933781113,0.023627841437426928,0.021486858701026394,0.005061239583333334,0.0,0.0
040204,2,VILLE DE MONT-TREMBLANT,61011.0,Réseaux d'aqueduc & systèmes d'irrigation,Mont-Tremblant,0.017166666666666667,0.40688195,2020.0,2024.0,0.012487981630824374,0.013110212409916073,0.012722912933094386,0.00992425925925926,0.011015781810035843,0.014966184413580247,0.017166666666666667,0.016668593189964158,0.013928486000881835,0.012037589605734766,0.00939354938271605,0.011529297341696535
040204,3,VILLE DE MONT-TREMBLANT,60326.0,Réseaux d'aqueduc & systèmes d'irrigation,Mont-Tremblant,0.013775518966547195,0.38002424,2020.0,2024.0,0.01142886424731183,0.010827275331828133,0.009979416816009558,0.009404216820987655,0.011655891577060932,0.013475636574074074,0.013775518966547195,0.013215931152927119,0.02011604552469136,0.010597976403823178,0.010145286044973546,0.010403884159697332
040204,4,CLUBLINK CORPORATION ULC,55352.0,Terrains de golf & country clubs,Mont-Tremblant,0.012223117927178855,0.0203518835364228,2020.0,2024.0,0.0,0.0,0.0,0.0,0.006747653190651642,0.011877233658373088,0.011527407413310816,0.012223117927178855,0.011255165998912508,0.0037304739583333335,0.0,0.0
040204,5,3090-9626 QUÉBEC INC.,58575.0,Terrains de golf & country clubs,Mont-Tremblant,0.010561342592592593,0.036725,2020.0,2020.0,0.0,0.0,0.0,0.0,0.007835648148148147,0.007531415343915343,0.010087719298245612,0.010561342592592593,0.005960648148148148,0.001388888888888889,0.0,0.0
040204,6,MUNICIPALITÉ DE LABELLE,50816.0,Réseaux d'aqueduc & systèmes d'irrigation,Labelle,0.010347994374751094,0.278737454,2020.0,2024.0,0.008015735513739545,0.008897580020753512,0.009238077956989247,0.008464890432098766,0.009987379778972521,0.010126003086419751,0.010347994374751094,0.009155537634408602,0.008704872685185185,0.008287853942652329,0.007340533950617284,0.007418830645161291
040204,7,STATION MONT TREMBLANT SOCIÉTÉ EN COMMANDITE,47510.0,Terrains de golf & country clubs,Mont-Tremblant,0.007527294430311635,0.02195427599384628,2020.0,2024.0,0.0,0.0,0.0,0.0,0.003655478189518978,0.0035680771946846298,0.004757647904089904,0.007527294430311635,0.0016049411915143314,0.0,0.0,0.0
040204,8,3090-9626 QUÉBEC INC.,58678.0,Terrains de golf & country clubs,Mont-Tremblant,0.006559347951431285,0.05937634,2020.0,2024.0,0.0,0.0,0.0,0.00125,0.008528983350798484,0.007842689206593192,0.006559347951431285,0.006267420823346749,0.003824285037605988,0.0018132094243205354,0.0,0.0
040204,9,STATION MONT TREMBLANT SOCIÉTÉ EN COMMANDITE,50538.0,Terrains de golf & country clubs,Mont-Tremblant,0.005620005309650301,0.053424743942358695,2020.0,2024.0,0.0,0.0,0.0,0.0,0.008198133785775335,0.007092064973105328,0.005315367490893224,0.005620005309650301,0.004657432487024377,0.00013541666666666666,0.0,0.0
040204,10,Club de golf nominingue inc.,58615.0,Terrains de golf & country clubs,Nominingue,0.002663390377212062,0.0149957,2020.0,2024.0,0.0,0.0,0.0,0.0009071502057613167,0.001789607771260997,0.002190148330896686,0.002663390377212062,0.0017872461170848268,0.0009672839506172839,0.00020765817901234566,0.0,0.0
040204,11,CANTON D'AMHERST,52521.0,Réseaux d'aqueduc & systèmes d'irrigation,Amherst,0.00021012544802867384,0.0065524125,2021.0,2024.0,0.00021153953853046594,0.00021790439415708815,0.00020522513440860216,0.00019427083333333332,0.0002006888440860215,0.0002115162037037037,0.00020991543458781362,0.00021012544802867384,0.00019563078703703705,0.0002008008512544803,0.00020245949074074074,0.00023158882168458782
040204,12,MUNICIPALITÉ DE LAC-SUPÉRIEUR,63140.0,Réseaux d'aqueduc & systèmes d'irrigation,Lac-Supérieur,9.699092741935483e-05,0.0015536025,2024.0,2024.0,4.186267921146954e-05,5.123922413793103e-05,5.1252240143369176e-05,2.1739583333333334e-05,3.213653673835125e-05,5.352546296296297e-05,9.699092741935483e-05,7.65630600358423e-05,4.6267939814814814e-05,4.436435931899641e-05,2.4061921296296294e-05,4.804715501792115e-05
040204,13,9027-6346 QUÉBEC INC.,45862.0,Terrains de golf & country clubs,Amherst,3.444220430107527e-05,0.00013725,2020.0,2024.0,0.0,0.0,0.0,0.0,0.0,1.736111111111111e-05,2.4025537634408602e-05,3.444220430107527e-05,4.557291666666667e-05,0.0,0.0,0.0
040204,14,CANTON D'AMHERST,49021.0,Réseaux d'aqueduc & systèmes d'irrigation,Amherst,2.5e-05,0.00079056,2020.0,2024.0,2.5e-05,2.5529556650246306e-05,2.5e-05,2.5e-05,2.5e-05,2.5e-05,2.5e-05,2.5e-05,2.5e-05,2.5e-05,2.5e-05,2.5e-05
040204,15,9027-6346 QUÉBEC INC.,60036.0,Réseaux d'aqueduc & systèmes d'irrigation,Amherst,7.224462365591398e-06,2.025e-05,2020.0,2023.0,0.0,0.0,0.0,0.0,3.472222222222222e-05,7.1855709876543204e-06,7.224462365591398e-06,6.067054958183991e-06,6.172839506172839e-06,1.4467592592592592e-06,0.0,0.0
040204,16,MONT BLANC SOCIÉTE EN COMMANDITE,46040.0,Centres de ski,Mont-Blanc,0.0,0.027309922,2020.0,2024.0,0.006303369488536155,0.00047453703703703704,0.0,0.0,0.0,0.0,0.0,0.0,0.0,1.388888888888889e-05,0.007835008968654803,0.009620187645374843
040204,17,STATION MONT TREMBLANT SOCIÉTÉ EN COMMANDITE,50338.0,Centres de ski,Mont-Tremblant,0.0,0.03169337612446124,2020.0,2024.0,0.005670261021540088,2.2971827549986634e-05,0.0,0.0,0.0,0.0,0.0,0.0,0.0,0.0014209572832148945,0.005231673645274543,0.0074493905361587166
040204,18,STATION MONT TREMBLANT SOCIÉTÉ EN COMMANDITE,57207.0,Centres de ski,Lac-Supérieur,0.0,0.02978320849479585,2020.0,2024.0,0.005068016175133581,2.01609143965244e-05,0.0,0.0,0.0,0.0,0.0,0.0,0.0,0.00016832242181716878,0.00610271947579131,0.0065968333464095875
040204,19,STATION MONT TREMBLANT SOCIÉTÉ EN COMMANDITE,73366.0,Centres de ski,Mont-Tremblant,0.0,0.00011930102994580244,2024.0,2024.0,1.581504285026086e-08,2.005507662835249e-05,1.736111111111111e-05,1.736111111111111e-05,0.0,0.0,0.0,0.0,0.0,0.0,4.681993039786602e-09,1.727035934110396e-09
040212,1,3090-9626 QUÉBEC INC.,58575.0,Terrains de golf & country clubs,Mont-Tremblant,0.010561342592592593,0.036725,2020.0,2020.0,0.0,0.0,0.0,0.0,0.007835648148148147,0.007531415343915343,0.010087719298245612,0.010561342592592593,0.005960648148148148,0.001388888888888889,0.0,0.0
040212,2,MUNICIPALITÉ DE LABELLE,50816.0,Réseaux d'aqueduc & systèmes d'irrigation,Labelle,0.010347994374751094,0.278737454,2020.0,2024.0,0.008015735513739545,0.008897580020753512,0.009238077956989247,0.008464890432098766,0.009987379778972521,0.010126003086419751,0.010347994374751094,0.009155537634408602,0.008704872685185185,0.008287853942652329,0.007340533950617284,0.007418830645161291
040212,3,MONT BLANC SOCIÉTE EN COMMANDITE,46040.0,Centres de ski,Mont-Blanc,0.0,0.027309922,2020.0,2024.0,0.006303369488536155,0.00047453703703703704,0.0,0.0,0.0,0.0,0.0,0.0,0.0,1.388888888888889e-05,0.007835008968654803,0.009620187645374843
040406,1,POMMES DE TERRE LAURENTIENNES INC.,66861.0,Culture de plantes oléagineuses & de céréales,Notre-Dame-de-la-Paix,0.005379561486180868,0.028300328352566663,2020.0,2023.0,0.0,0.0,0.0,0.0,0.0,0.0017832195470893221,0.0049652059085817605,0.005379561486180868,0.0026737196180555553,0.0,0.0,0.0
040406,2,POMMES DE TERRE LAURENTIENNES INC.,66867.0,Culture de plantes oléagineuses & de céréales,Notre-Dame-de-la-Paix,0.004739943380696704,0.02167201805872017,2020.0,2022.0,0.0,0.0,0.0,0.0,0.0,0.002788828409290947,0.004739943380696704,0.004142024342431601,0.002105034722222222,0.0,0.0,0.0
040406,3,FERME VIANNEY ET MARGUERITE TURCOT INC.,69858.0,Culture de légumes & de melons,Saint-André-Avellin,0.003274656911375661,0.008435942261904762,2020.0,2024.0,0.0,0.0,0.0,0.0,0.0,0.0031033950617283955,0.0028075396825396827,0.003274656911375661,0.0013020833333333335,0.0,0.0,0.0
040406,4,POMMES DE TERRE LAURENTIENNES INC.,66866.0,Culture de plantes oléagineuses & de céréales,Notre-Dame-de-la-Paix,0.0028067588825486855,0.009730984079878805,2020.0,2023.0,0.0,0.0,0.0,0.0,0.0011656520716972528,0.0008604253716512128,0.0028067588825486855,0.002546333601953652,0.0006405193214392024,0.0,0.0,0.0
040406,5,POMMES DE TERRE LAURENTIENNES INC.,71627.0,Culture de plantes oléagineuses & de céréales,Notre-Dame-de-la-Paix,0.0026318110667280744,0.010756762822070871,2020.0,2023.0,0.0,0.0,0.0,0.0,0.0,0.0008074320313215236,0.0026318110667280744,0.0015245153752536061,0.0018446180555555555,0.0,0.0,0.0
040406,6,FERME VIANNEY ET MARGUERITE TURCOT INC.,69855.0,Culture de légumes & de melons,Saint-André-Avellin,0.0021654885912698414,0.0058498392857142855,2020.0,2024.0,0.0,0.0,0.0,0.0,0.0,0.0021267361111111114,0.0018700396825396825,0.0021654885912698414,0.00234375,0.0,0.0,0.0
040406,7,POMMES DE TERRE LAURENTIENNES INC.,71626.0,Culture du soja,Notre-Dame-de-la-Paix,0.0020056254432103413,0.008407610413661826,2022.0,2023.0,0.0,0.0,0.0,0.0,0.0020773965576199706,0.0010386851237366701,0.0010734243259929357,0.0020056254432103413,0.0003674935634263447,0.0,0.0,0.0
040406,8,POMMES DE TERRE LAURENTIENNES INC.,66859.0,Culture de plantes oléagineuses & de céréales,Notre-Dame-de-la-Paix,0.001615458880841657,0.01685222804856901,2020.0,2023.0,0.0,0.0,0.0,0.0,0.00555460134254246,0.004378413735819266,0.001615458880841657,0.001612154851862601,0.0010836411585220494,0.0,0.0,0.0
040406,9,POMMES DE TERRE LAURENTIENNES INC.,69854.0,Culture de plantes oléagineuses & de céréales,Notre-Dame-de-la-Paix,0.00130139768939532,0.0022322560452063965,2020.0,2021.0,0.0,0.0,0.0,0.0,0.0,0.0004147824556350311,0.00130139768939532,0.0011206017912469791,0.0,0.0,0.0,0.0
040406,10,POMMES DE TERRE LAURENTIENNES INC.,71624.0,Culture de plantes oléagineuses & de céréales,Notre-Dame-de-la-Paix,0.0003961938916222964,0.0018207077279063545,2020.0,2022.0,0.0,0.0,0.0,0.0,0.0,0.00032608885171537877,0.0003961938916222964,0.00036022814572247763,0.0,0.0,0.0,0.0
040406,11,104048 CANADA LIMITEE,45450.0,Réseaux d'aqueduc & systèmes d'irrigation,Lac-Simon,2.405532324439134e-06,2.1645599999999998e-05,2020.0,2024.0,0.0,0.0,0.0,6.751543209876544e-06,1.2164178507424475e-06,2.034722222222222e-06,2.3197211680371074e-06,2.405532324439134e-06,1.2377314814814815e-06,5.621262538580247e-07,0.0,0.0
040409,1,FERME VIANNEY ET MARGUERITE TURCOT INC.,69858.0,Culture de légumes & de melons,Saint-André-Avellin,0.003274656911375661,0.008435942261904762,2020.0,2024.0,0.0,0.0,0.0,0.0,0.0,0.0031033950617283955,0.0028075396825396827,0.003274656911375661,0.0013020833333333335,0.0,0.0,0.0
040409,2,POMMES DE TERRE LAURENTIENNES INC.,66866.0,Culture de plantes oléagineuses & de céréales,Notre-Dame-de-la-Paix,0.0028067588825486855,0.009730984079878805,2020.0,2023.0,0.0,0.0,0.0,0.0,0.0011656520716972528,0.0008604253716512128,0.0028067588825486855,0.002546333601953652,0.0006405193214392024,0.0,0.0,0.0
040409,3,POMMES DE TERRE LAURENTIENNES INC.,71626.0,Culture du soja,Notre-Dame-de-la-Paix,0.0020056254432103413,0.008407610413661826,2022.0,2023.0,0.0,0.0,0.0,0.0,0.0020773965576199706,0.0010386851237366701,0.0010734243259929357,0.0020056254432103413,0.0003674935634263447,0.0,0.0,0.0
040409,4,POMMES DE TERRE LAURENTIENNES INC.,66859.0,Culture de plantes oléagineuses & de céréales,Notre-Dame-de-la-Paix,0.001615458880841657,0.01685222804856901,2020.0,2023.0,0.0,0.0,0.0,0.0,0.00555460134254246,0.004378413735819266,0.001615458880841657,0.001612154851862601,0.0010836411585220494,0.0,0.0,0.0
040409,5,POMMES DE TERRE LAURENTIENNES INC.,69854.0,Culture de plantes oléagineuses & de céréales,Notre-Dame-de-la-Paix,0.00130139768939532,0.0022322560452063965,2020.0,2021.0,0.0,0.0,0.0,0.0,0.0,0.0004147824556350311,0.00130139768939532,0.0011206017912469791,0.0,0.0,0.0,0.0
040409,6,POMMES DE TERRE LAURENTIENNES INC.,71624.0,Culture de plantes oléagineuses & de céréales,Notre-Dame-de-la-Paix,0.0003961938916222964,0.0018207077279063545,2020.0,2022.0,0.0,0.0,0.0,0.0,0.0,0.00032608885171537877,0.0003961938916222964,0.00036022814572247763,0.0,0.0,0.0,0.0
040830,1,CLUBLINK CORPORATION ULC,48327.0,Terrains de golf & country clubs,Gatineau,0.008196994563067293,0.026574757895194246,2020.0,2024.0,0.0,0.0,0.0,0.0,0.005763214781746032,0.007531217637131144,0.008196994563067293,0.006623196337632276,0.004709943110075209,0.001,0.0,0.0
040830,2,CLUBLINK CORPORATION ULC,47825.0,Terrains de golf & country clubs,Gatineau,0.007457669530387195,0.023119214015194248,2020.0,2024.0,0.0,0.0,0.0,0.0,0.005710078177083334,0.00774048266950593,0.007457669530387195,0.0063224709821428585,0.006151590240520599,0.0,0.0,0.0
040830,3,9711287 Canada inc.,63243.0,Réseaux d'aqueduc & systèmes d'irrigation,Cantley,0.003779202343436632,0.03628967011295451,2020.0,2024.0,0.0,0.0,0.0,0.0,0.002033850254644307,0.003787758248403861,0.003779202343436632,0.003117257298181083,0.0010985313411509261,0.0010190917025918408,0.0,0.0
040830,4,LE CLUB DE GOLF DE LARRIMAC,44674.0,Terrains de golf & country clubs,Chelsea,0.0008162495407706094,0.006772075800000001,2020.0,2022.0,0.0,0.0,0.0,0.00010531886574074073,0.00031035054883512544,0.0006937524305555557,0.0008162495407706094,0.0006639441345579452,7.793026620370371e-05,0.0,0.0,0.0
040830,5,9711287 Canada inc.,59082.0,Réseaux d'aqueduc & systèmes d'irrigation,Cantley,0.0005896503721104669,0.0041206421129545085,2020.0,2024.0,0.0,0.0,0.0,5.049371112967604e-06,0.000596994162368691,0.0007382250693915152,0.0005896503721104669,2.686209984021252e-08,3.519917561737179e-08,3.1655200545268293e-08,2.4300503380364494e-06,0.0
040830,6,VILLE DE LA TUQUE,51442.0,Réseaux d'aqueduc & systèmes d'irrigation,La Tuque,0.0004113612604540024,0.01218966,2020.0,2024.0,0.00040156810035842295,0.00038323241652983033,0.00035849014336917557,0.00034207175925925925,0.00035462738948626045,0.0004364583333333333,0.0004113612604540024,0.00038949372759856634,0.0004193287037037037,0.00037778897849462365,0.0003708912037037037,0.0003951724910394265
040830,7,Nouveau club de golf Lac Ste-Marie inc.,44677.0,Terrains de golf & country clubs,Lac-Sainte-Marie,6.155852396559001e-05,0.0004870277199446076,2020.0,2023.0,0.0,0.0,0.0,0.0,2.2309928034455916e-05,3.9726445176971674e-05,6.155852396559001e-05,4.750698276500822e-05,1.623959254347185e-05,2.2916666666666664e-05,0.0,0.0
040830,8,Nouveau club de golf Lac Ste-Marie inc.,47806.0,Terrains de golf & country clubs,Lac-Sainte-Marie,6.119022261652591e-05,0.0004972627199446077,2020.0,2023.0,0.0,0.0,0.0,0.0,2.0513146373762962e-05,4.315333560907044e-05,6.119022261652591e-05,4.928789674350285e-05,1.6505796247175557e-05,2.2916666666666664e-05,0.0,0.0
040830,9,4058771 CANADA INC.,44614.0,Centres de ski,Lac-Sainte-Marie,0.0,0.286656,2020.0,2024.0,0.05819111978722193,0.043055555555555555,0.0,0.0,0.0,0.0,0.0,0.0,0.0,0.0,0.04166666666666667,0.05411302773653046
040830,10,9482-7060 Québec inc.,54821.0,Centres de ski,La Pêche,0.0,0.0031578884399999997,2020.0,2024.0,0.0007866281982835573,0.0009510623148148148,0.0,0.0,0.0,0.0,0.0,0.0,0.0,0.0,0.0006354133024691358,0.00135866093845198
040830,11,3133591 MANITOBA LTÉE,58163.0,Centres de ski,Chelsea,0.0,0.029002136,2020.0,2024.0,0.009266352900267075,0.006888816872427983,0.00236875,0.0,0.0,0.0,0.0,0.0,0.0,0.0,0.007382662037037036,0.009283133635167029
040830,12,L'Association de ski Nakkertok,70810.0,Centres de ski,Gatineau,0.0,0.0008402,2020.0,2022.0,0.0,0.0,0.0,0.0,0.0,0.0,0.0,0.0,0.0,0.0,0.00040710335831863607,0.0004989610890652557
040840_14,1,CLUBLINK CORPORATION ULC,48327.0,Terrains de golf & country clubs,Gatineau,0.008196994563067293,0.026574757895194246,2020.0,2024.0,0.0,0.0,0.0,0.0,0.005763214781746032,0.007531217637131144,0.008196994563067293,0.006623196337632276,0.004709943110075209,0.001,0.0,0.0
040840_14,2,CLUBLINK CORPORATION ULC,47825.0,Terrains de golf & country clubs,Gatineau,0.007457669530387195,0.023119214015194248,2020.0,2024.0,0.0,0.0,0.0,0.0,0.005710078177083334,0.00774048266950593,0.007457669530387195,0.0063224709821428585,0.006151590240520599,0.0,0.0,0.0
040840_14,3,9711287 Canada inc.,63243.0,Réseaux d'aqueduc & systèmes d'irrigation,Cantley,0.003779202343436632,0.03628967011295451,2020.0,2024.0,0.0,0.0,0.0,0.0,0.002033850254644307,0.003787758248403861,0.003779202343436632,0.003117257298181083,0.0010985313411509261,0.0010190917025918408,0.0,0.0
040840_14,4,LE CLUB DE GOLF DE LARRIMAC,44674.0,Terrains de golf & country clubs,Chelsea,0.0008162495407706094,0.006772075800000001,2020.0,2022.0,0.0,0.0,0.0,0.00010531886574074073,0.00031035054883512544,0.0006937524305555557,0.0008162495407706094,0.0006639441345579452,7.793026620370371e-05,0.0,0.0,0.0
040840_14,5,9711287 Canada inc.,59082.0,Réseaux d'aqueduc & systèmes d'irrigation,Cantley,0.0005896503721104669,0.0041206421129545085,2020.0,2024.0,0.0,0.0,0.0,5.049371112967604e-06,0.000596994162368691,0.0007382250693915152,0.0005896503721104669,2.686209984021252e-08,3.519917561737179e-08,3.1655200545268293e-08,2.4300503380364494e-06,0.0
040840_14,6,VILLE DE LA TUQUE,51442.0,Réseaux d'aqueduc & systèmes d'irrigation,La Tuque,0.0004113612604540024,0.01218966,2020.0,2024.0,0.00040156810035842295,0.00038323241652983033,0.00035849014336917557,0.00034207175925925925,0.00035462738948626045,0.0004364583333333333,0.0004113612604540024,0.00038949372759856634,0.0004193287037037037,0.00037778897849462365,0.0003708912037037037,0.0003951724910394265
040840_14,7,Nouveau club de golf Lac Ste-Marie inc.,44677.0,Terrains de golf & country clubs,Lac-Sainte-Marie,6.155852396559001e-05,0.0004870277199446076,2020.0,2023.0,0.0,0.0,0.0,0.0,2.2309928034455916e-05,3.9726445176971674e-05,6.155852396559001e-05,4.750698276500822e-05,1.623959254347185e-05,2.2916666666666664e-05,0.0,0.0
040840_14,8,Nouveau club de golf Lac Ste-Marie inc.,47806.0,Terrains de golf & country clubs,Lac-Sainte-Marie,6.119022261652591e-05,0.0004972627199446077,2020.0,2023.0,0.0,0.0,0.0,0.0,2.0513146373762962e-05,4.315333560907044e-05,6.119022261652591e-05,4.928789674350285e-05,1.6505796247175557e-05,2.2916666666666664e-05,0.0,0.0
040840_14,9,4058771 CANADA INC.,44614.0,Centres de ski,Lac-Sainte-Marie,0.0,0.286656,2020.0,2024.0,0.05819111978722193,0.043055555555555555,0.0,0.0,0.0,0.0,0.0,0.0,0.0,0.0,0.04166666666666667,0.05411302773653046
040840_14,10,9482-7060 Québec inc.,54821.0,Centres de ski,La Pêche,0.0,0.0031578884399999997,2020.0,2024.0,0.0007866281982835573,0.0009510623148148148,0.0,0.0,0.0,0.0,0.0,0.0,0.0,0.0,0.0006354133024691358,0.00135866093845198
040840_14,11,3133591 MANITOBA LTÉE,58163.0,Centres de ski,Chelsea,0.0,0.029002136,2020.0,2024.0,0.009266352900267075,0.006888816872427983,0.00236875,0.0,0.0,0.0,0.0,0.0,0.0,0.0,0.007382662037037036,0.009283133635167029
040840_14,12,L'Association de ski Nakkertok,70810.0,Centres de ski,Gatineau,0.0,0.0008402,2020.0,2022.0,0.0,0.0,0.0,0.0,0.0,0.0,0.0,0.0,0.0,0.0,0.00040710335831863607,0.0004989610890652557
040841_10,1,CLUBLINK CORPORATION ULC,48327.0,Terrains de golf & country clubs,Gatineau,0.008196994563067293,0.026574757895194246,2020.0,2024.0,0.0,0.0,0.0,0.0,0.005763214781746032,0.007531217637131144,0.008196994563067293,0.006623196337632276,0.004709943110075209,0.001,0.0,0.0
040841_10,2,CLUBLINK CORPORATION ULC,47825.0,Terrains de golf & country clubs,Gatineau,0.007457669530387195,0.023119214015194248,2020.0,2024.0,0.0,0.0,0.0,0.0,0.005710078177083334,0.00774048266950593,0.007457669530387195,0.0063224709821428585,0.006151590240520599,0.0,0.0,0.0
040841_10,3,9711287 Canada inc.,63243.0,Réseaux d'aqueduc & systèmes d'irrigation,Cantley,0.003779202343436632,0.03628967011295451,2020.0,2024.0,0.0,0.0,0.0,0.0,0.002033850254644307,0.003787758248403861,0.003779202343436632,0.003117257298181083,0.0010985313411509261,0.0010190917025918408,0.0,0.0
040841_10,4,LE CLUB DE GOLF DE LARRIMAC,44674.0,Terrains de golf & country clubs,Chelsea,0.0008162495407706094,0.006772075800000001,2020.0,2022.0,0.0,0.0,0.0,0.00010531886574074073,0.00031035054883512544,0.0006937524305555557,0.0008162495407706094,0.0006639441345579452,7.793026620370371e-05,0.0,0.0,0.0
040841_10,5,9711287 Canada inc.,59082.0,Réseaux d'aqueduc & systèmes d'irrigation,Cantley,0.0005896503721104669,0.0041206421129545085,2020.0,2024.0,0.0,0.0,0.0,5.049371112967604e-06,0.000596994162368691,0.0007382250693915152,0.0005896503721104669,2.686209984021252e-08,3.519917561737179e-08,3.1655200545268293e-08,2.4300503380364494e-06,0.0
040841_10,6,VILLE DE LA TUQUE,51442.0,Réseaux d'aqueduc & systèmes d'irrigation,La Tuque,0.0004113612604540024,0.01218966,2020.0,2024.0,0.00040156810035842295,0.00038323241652983033,0.00035849014336917557,0.00034207175925925925,0.00035462738948626045,0.0004364583333333333,0.0004113612604540024,0.00038949372759856634,0.0004193287037037037,0.00037778897849462365,0.0003708912037037037,0.0003951724910394265
040841_10,7,Nouveau club de golf Lac Ste-Marie inc.,44677.0,Terrains de golf & country clubs,Lac-Sainte-Marie,6.155852396559001e-05,0.0004870277199446076,2020.0,2023.0,0.0,0.0,0.0,0.0,2.2309928034455916e-05,3.9726445176971674e-05,6.155852396559001e-05,4.750698276500822e-05,1.623959254347185e-05,2.2916666666666664e-05,0.0,0.0
040841_10,8,Nouveau club de golf Lac Ste-Marie inc.,47806.0,Terrains de golf & country clubs,Lac-Sainte-Marie,6.119022261652591e-05,0.0004972627199446077,2020.0,2023.0,0.0,0.0,0.0,0.0,2.0513146373762962e-05,4.315333560907044e-05,6.119022261652591e-05,4.928789674350285e-05,1.6505796247175557e-05,2.2916666666666664e-05,0.0,0.0
040841_10,9,4058771 CANADA INC.,44614.0,Centres de ski,Lac-Sainte-Marie,0.0,0.286656,2020.0,2024.0,0.05819111978722193,0.043055555555555555,0.0,0.0,0.0,0.0,0.0,0.0,0.0,0.0,0.04166666666666667,0.05411302773653046
040841_10,10,9482-7060 Québec inc.,54821.0,Centres de ski,La Pêche,0.0,0.0031578884399999997,2020.0,2024.0,0.0007866281982835573,0.0009510623148148148,0.0,0.0,0.0,0.0,0.0,0.0,0.0,0.0,0.0006354133024691358,0.00135866093845198
040841_10,11,3133591 MANITOBA LTÉE,58163.0,Centres de ski,Chelsea,0.0,0.029002136,2020.0,2024.0,0.009266352900267075,0.006888816872427983,0.00236875,0.0,0.0,0.0,0.0,0.0,0.0,0.0,0.007382662037037036,0.009283133635167029
040841_10,12,L'Association de ski Nakkertok,70810.0,Centres de ski,Gatineau,0.0,0.0008402,2020.0,2022.0,0.0,0.0,0.0,0.0,0.0,0.0,0.0,0.0,0.0,0.0,0.00040710335831863607,0.0004989610890652557
041301,1,MUNICIPALITÉ DU VILLAGE DE FORT-COULONGE,49968.0,Réseaux d'aqueduc & systèmes d'irrigation,Mansfield-et-Pontefract,0.009419280167264038,0.2590462,2020.0,2024.0,0.008385827359617681,0.008277518358876117,0.008008587216248506,0.007751003086419753,0.00909327210274791,0.00933101851851852,0.009419280167264038,0.008881197729988053,0.007605632716049383,0.0071771953405017925,0.007176929012345679,0.007398222819593787
043012,1,GLENCORE CANADA CORPORATION,44129.0,Fond. métaux non ferr. sauf moulage sous press.,Rouyn-Noranda,0.02350404701757148,1.5396274655642819,2020.0,2024.0,0.026037698367721053,0.026381607071045178,0.026647481796110577,0.02576011140339911,0.024943788287339248,0.024517245835337743,0.02350404701757148,0.02268520433539209,0.020301253754059938,0.022524573861974602,0.024268073043089818,0.02506401418185534
043012,2,MINES AGNICO EAGLE LIMITÉE,69875.0,Extraction de minerais métalliques,Preissac,0.015349611708482674,0.4764724,2020.0,2024.0,0.014908751493428912,0.014779214559386971,0.01536118578255675,0.013391512345679013,0.015497087813620072,0.015050077160493827,0.013446385902031063,0.015349611708482674,0.016680092592592594,0.015459826762246118,0.015481944444444446,0.015681376941457586
046709_08_01,1,VILLE DE SAINT-EUSTACHE,60292.0,Réseaux d'aqueduc & systèmes d'irrigation,Saint-Eustache,0.29966741338112307,8.6799692,2020.0,2024.0,0.2554335424133812,0.26393981766557195,0.2637488799283154,0.26336157407407407,0.3037659796893668,0.3091066358024691,0.29966741338112307,0.29613896356033453,0.27557345679012346,0.2574414575866189,0.2553288580246914,0.25670161290322585
046709_08_01,2,Amrize Canada Inc.,71818.0,Extraction de pierre,Mirabel,0.001311778314842673,0.043773539720696836,2020.0,2022.0,0.0,0.0,0.0,0.00013668981481481483,8.73051075268817e-05,0.00011356189557613168,4.0583644464356834e-05,0.001311778314842673,9.294907407407407e-05,0.014573471214157705,0.0,0.0
046709_08_01,3,Amrize Canada Inc.,72128.0,Extraction de pierre,Mirabel,0.0008396466883831289,0.010560401532418101,2020.0,2024.0,0.0,0.0,6.7831541218637996e-06,0.00011270887345679014,0.00020593536439665475,0.0001033164351851852,5.236591995221027e-05,0.0008396466883831289,6.686833333333333e-05,9.442150537634408e-05,4.2476111111111114e-05,0.002455060185185185
046709_08_01,4,VILLE DE MIRABEL,52313.0,Réseaux d'aqueduc & systèmes d'irrigation,Mirabel,0.00045911738351254484,0.0133551,2024.0,2024.0,0.00040473790322580644,0.00037482040229885053,0.00036861559139784945,0.0003829861111111111,0.0004560371863799283,0.0004707175925925926,0.00045911738351254484,0.00045508512544802863,0.00042725694444444446,0.0010875,0.0004777777777777778,0.0004391801075268818
050119,1,COMPAGNIE WESTROCK DU CANADA CORP.,72782.0,Usines de carton,La Tuque,0.6136809413580248,37.97613905,2022.0,2024.0,0.6479105902777778,0.6317066936728395,0.6362465277777778,0.6298186728395062,0.5777887731481481,0.5945470679012346,0.6136809413580248,0.6121137152777778,0.5880619212962963,0.6021115933641975,0.5254663387345678,0.5596915509259259
050119,2,LA COMPAGNIE COMMONWEALTH PLYWOOD LTÉE,70963.0,Usines de placages & contreplaqués de feuillus,Lac-Normand,0.02606248133213859,0.61367375,2020.0,2023.0,0.0005715165770609319,0.0006996114417989418,0.0007525948327359617,0.0010656828703703705,0.037058785095579444,0.03618219521604938,0.02606248133213859,0.012117495519713261,0.08471614583333334,0.033445713859020315,0.00018055555555555555,0.00027460424133811227
050119,3,VILLE DE LA TUQUE,51441.0,Réseaux d'aqueduc & systèmes d'irrigation,La Tuque,0.013152441756272403,0.39574971,2020.0,2024.0,0.013552251344086021,0.01399688013136289,0.014139908154121864,0.013149560185185186,0.013850257989844683,0.013542546296296296,0.013152441756272403,0.012005835573476703,0.010365509259259258,0.009111435931899642,0.010361724537037037,0.013318637992831542
050119,4,VILLE DE LA TUQUE,72460.0,Autres services de soutien,La Tuque,0.00034907930107526885,0.04565526,2020.0,2024.0,0.00025107974910394264,0.00031282019704433495,0.0003144758064516129,0.0002976782407407407,0.00032174507168458786,0.0003729143518518518,0.00034907930107526885,0.0002864560931899642,0.00030484259259259256,0.00026812051971326163,0.00025047222222222224,0.00014477374551971327
050119,5,"VALLÉE DU PARC, SOCIÉTÉ EN COMMANDITE",67691.0,Centres de ski,Shawinigan,0.0,0.0055386892,2023.0,2024.0,0.0,0.0,0.0,0.0,0.0,0.0,0.0,0.0,0.0,0.0,0.0013789898919753087,0.0013835381944444446
050119,6,VILLE DE LA TUQUE,72463.0,Autres services de soutien,La Tuque,0.0,0.00983962,2020.0,2024.0,0.0,0.0,0.0,0.0,0.0,0.0,0.0,0.0,0.0,0.0,0.0,0.0009521980784547989
050135,1,COMPAGNIE WESTROCK DU CANADA CORP.,72782.0,Usines de carton,La Tuque,0.6136809413580248,37.97613905,2022.0,2024.0,0.6479105902777778,0.6317066936728395,0.6362465277777778,0.6298186728395062,0.5777887731481481,0.5945470679012346,0.6136809413580248,0.6121137152777778,0.5880619212962963,0.6021115933641975,0.5254663387345678,0.5596915509259259
050135,2,LA COMPAGNIE COMMONWEALTH PLYWOOD LTÉE,70963.0,Usines de placages & contreplaqués de feuillus,Lac-Normand,0.02606248133213859,0.61367375,2020.0,2023.0,0.0005715165770609319,0.0006996114417989418,0.0007525948327359617,0.0010656828703703705,0.037058785095579444,0.03618219521604938,0.02606248133213859,0.012117495519713261,0.08471614583333334,0.033445713859020315,0.00018055555555555555,0.00027460424133811227
050135,3,VILLE DE LA TUQUE,51441.0,Réseaux d'aqueduc & systèmes d'irrigation,La Tuque,0.013152441756272403,0.39574971,2020.0,2024.0,0.013552251344086021,0.01399688013136289,0.014139908154121864,0.013149560185185186,0.013850257989844683,0.013542546296296296,0.013152441756272403,0.012005835573476703,0.010365509259259258,0.009111435931899642,0.010361724537037037,0.013318637992831542
050135,4,VILLE DE LA TUQUE,72460.0,Autres services de soutien,La Tuque,0.00034907930107526885,0.04565526,2020.0,2024.0,0.00025107974910394264,0.00031282019704433495,0.0003144758064516129,0.0002976782407407407,0.00032174507168458786,0.0003729143518518518,0.00034907930107526885,0.0002864560931899642,0.00030484259259259256,0.00026812051971326163,0.00025047222222222224,0.00014477374551971327
050135,5,"VALLÉE DU PARC, SOCIÉTÉ EN COMMANDITE",67691.0,Centres de ski,Shawinigan,0.0,0.0055386892,2023.0,2024.0,0.0,0.0,0.0,0.0,0.0,0.0,0.0,0.0,0.0,0.0,0.0013789898919753087,0.0013835381944444446
050135,6,VILLE DE LA TUQUE,72463.0,Autres services de soutien,La Tuque,0.0,0.00983962,2020.0,2024.0,0.0,0.0,0.0,0.0,0.0,0.0,0.0,0.0,0.0,0.0,0.0,0.0009521980784547989
050144_16,1,COMPAGNIE WESTROCK DU CANADA CORP.,72782.0,Usines de carton,La Tuque,0.6136809413580248,37.97613905,2022.0,2024.0,0.6479105902777778,0.6317066936728395,0.6362465277777778,0.6298186728395062,0.5777887731481481,0.5945470679012346,0.6136809413580248,0.6121137152777778,0.5880619212962963,0.6021115933641975,0.5254663387345678,0.5596915509259259
050144_16,2,LA COMPAGNIE COMMONWEALTH PLYWOOD LTÉE,70963.0,Usines de placages & contreplaqués de feuillus,Lac-Normand,0.02606248133213859,0.61367375,2020.0,2023.0,0.0005715165770609319,0.0006996114417989418,0.0007525948327359617,0.0010656828703703705,0.037058785095579444,0.03618219521604938,0.02606248133213859,0.012117495519713261,0.08471614583333334,0.033445713859020315,0.00018055555555555555,0.00027460424133811227
050144_16,3,VILLE DE LA TUQUE,51441.0,Réseaux d'aqueduc & systèmes d'irrigation,La Tuque,0.013152441756272403,0.39574971,2020.0,2024.0,0.013552251344086021,0.01399688013136289,0.014139908154121864,0.013149560185185186,0.013850257989844683,0.013542546296296296,0.013152441756272403,0.012005835573476703,0.010365509259259258,0.009111435931899642,0.010361724537037037,0.013318637992831542
050144_16,4,VILLE DE LA TUQUE,72460.0,Autres services de soutien,La Tuque,0.00034907930107526885,0.04565526,2020.0,2024.0,0.00025107974910394264,0.00031282019704433495,0.0003144758064516129,0.0002976782407407407,0.00032174507168458786,0.0003729143518518518,0.00034907930107526885,0.0002864560931899642,0.00030484259259259256,0.00026812051971326163,0.00025047222222222224,0.00014477374551971327
050144_16,5,"VALLÉE DU PARC, SOCIÉTÉ EN COMMANDITE",67691.0,Centres de ski,Shawinigan,0.0,0.0055386892,2023.0,2024.0,0.0,0.0,0.0,0.0,0.0,0.0,0.0,0.0,0.0,0.0,0.0013789898919753087,0.0013835381944444446
050144_16,6,VILLE DE LA TUQUE,72463.0,Autres services de soutien,La Tuque,0.0,0.00983962,2020.0,2024.0,0.0,0.0,0.0,0.0,0.0,0.0,0.0,0.0,0.0,0.0,0.0,0.0009521980784547989
050304,1,VILLE DE SAINT-TITE,71941.0,Réseaux d'aqueduc & systèmes d'irrigation,Grandes-Piles,0.003243587589605735,0.08986005,2022.0,2023.0,0.0023866487455197136,0.002771453373015873,0.0023039034498207886,0.002034548611111111,0.0028314012096774194,0.0029410011574074074,0.002896953405017921,0.003243587589605735,0.004280526620370371,0.002836917562724014,0.0027516493055555554,0.0029268593189964156
050304,2,VILLE DE SAINT-TITE,71631.0,Réseaux d'aqueduc & systèmes d'irrigation,Grandes-Piles,0.002549241151433692,0.06253338,2020.0,2024.0,0.001877374551971326,0.002682602755541872,0.0030841873879928314,0.002463179976851852,0.002499887992831541,0.0027625868055555555,0.002488925291218638,0.002549241151433692,0.0026859230324074073,0.0021972306227598564,0.0021311921296296296,0.0018109178987455198
050304,3,MUNICIPALITÉ DE LA PAROISSE DE LAC-AUX-SABLES,51505.0,Réseaux d'aqueduc & systèmes d'irrigation,Lac-aux-Sables,0.0008471438172043012,0.01992984,2020.0,2024.0,0.0005336357526881721,0.0005824845203886152,0.0005943100358422939,0.0005937268518518519,0.0007423611111111111,0.0008108912037037036,0.0008471438172043012,0.0007151433691756272,0.0005969560185185186,0.0005726590501792115,0.0004887037037037037,0.0004920362903225806
050304,4,A. LACROIX & FILS GRANIT LTÉE,57526.0,Extraction de granite,Rivière-à-Pierre,0.0005208333333333333,0.001895,2020.0,2020.0,0.0,0.0,0.0,0.0,0.00046875,0.0005034722222222222,0.00048445767195767195,0.0005208333333333333,0.0,0.0,0.0004817708333333333,0.00046875
050304,5,A. LACROIX & FILS GRANIT LTÉE,57461.0,Extraction de granite,Rivière-à-Pierre,0.00046875,0.001292,2020.0,2020.0,0.0,0.0,0.0,0.0,0.0,0.0,0.0,0.00046875,0.0005128205128205128,0.0004899691358024691,0.0,0.0
050408,1,MUNICIPALITÉ DE SAINT-UBALDE,72646.0,Réseaux d'aqueduc & systèmes d'irrigation,Saint-Ubalde,1.3776881720430107e-05,0.0004344,2022.0,2022.0,1.3776881720430107e-05,1.3764880952380952e-05,1.3776881720430107e-05,1.377314814814815e-05,1.3776881720430107e-05,1.377314814814815e-05,1.3776881720430107e-05,1.3776881720430107e-05,1.377314814814815e-05,1.3776881720430107e-05,1.377314814814815e-05,1.3776881720430107e-05
050409,1,MUNICIPALITÉ DE SAINT-UBALDE,72646.0,Réseaux d'aqueduc & systèmes d'irrigation,Saint-Ubalde,1.3776881720430107e-05,0.0004344,2022.0,2022.0,1.3776881720430107e-05,1.3764880952380952e-05,1.3776881720430107e-05,1.377314814814815e-05,1.3776881720430107e-05,1.377314814814815e-05,1.3776881720430107e-05,1.3776881720430107e-05,1.377314814814815e-05,1.3776881720430107e-05,1.377314814814815e-05,1.3776881720430107e-05
050702_01,1,CIMENT QUÉBEC INC.,43870.0,Extraction de calcaire,Saint-Basile,0.044017370445041816,1.94898225,2020.0,2023.0,0.017685605212066906,0.016464213019978108,0.01545969608721625,0.02364641203703704,0.03884301261947431,0.0464522087191358,0.044017370445041816,0.04143154495221027,0.038493586033950616,0.03601492495519713,0.035700761959876544,0.01570676523297491
050702_01,2,LE GOLF DU GRAND PORTNEUF INC.,45223.0,Terrains de golf & country clubs,Saint-Basile,0.00512613558467742,0.057347076600000005,2020.0,2024.0,0.0,0.0,0.0,0.000886436553030303,0.006345788978494624,0.00624455625,0.00512613558467742,0.0030164256912442395,0.0025670652777777777,0.0010794040591931217,0.0,0.0
050702_01,3,CIMENT QUÉBEC INC.,63377.0,Extraction de calcaire,Saint-Basile,0.00487245908096906,0.09381400136071251,2020.0,2023.0,0.0,0.0,0.004038956669603916,0.0033249557397467553,0.0018471715964268837,0.003181136103870988,0.0038565062314637084,0.00487245908096906,0.00429776741876195,0.005440092907731423,0.006119300452896006,0.001377297569022736
050702_01,4,CLUB DE GOLF LAC SERGENT INC.,45476.0,Terrains de golf & country clubs,Saint-Raymond,0.001325,0.00980235,2020.0,2024.0,0.0,0.0,0.0,0.0,0.0011063750000000002,0.001291875,0.001325,0.001325,0.0012587499999999999,0.0,0.0,0.0
050702_01,5,CLUB DE GOLF LAC SERGENT INC.,62094.0,Réseaux d'aqueduc & systèmes d'irrigation,Saint-Raymond,2.6657706093189964e-06,3.8121e-05,2020.0,2024.0,0.0,0.0,0.0,2.2569444444444443e-06,2.059889074280064e-06,2.4189814814814816e-06,2.5873655913978495e-06,2.6657706093189964e-06,2.4074074074074075e-06,1.954525089605735e-06,1.5128968253968254e-06,0.0
050812,1,CLUB DE GOLF PONT-ROUGE INC.,44195.0,Terrains de golf & country clubs,Pont-Rouge,0.0034603001935483873,0.040367329279200004,2020.0,2024.0,0.0,0.0,0.0,0.0,0.0006584079060035842,0.0038657871805555556,0.003391066624327957,0.0034603001935483873,0.003728781613194445,0.00021403058870967745,0.0,0.0
050915,1,INTER-CITÉ USINAGE INC.,54720.0,Extraction de granite,Québec,0.03678730572089947,0.5159422,2020.0,2024.0,0.0,0.0,0.013226930765993267,0.026929887566137567,0.040839936422597714,0.03470901965562053,0.03149803265792849,0.03678730572089947,0.036248952889317475,0.036401370845568874,0.028922361879224624,0.015750438411896744
050915,2,CARRIÈRES QUÉBEC INC.,45199.0,Extraction de calcaire,Québec,0.012581332927735672,0.2574430822068283,2020.0,2024.0,0.004801692233292759,0.0048065168580454735,0.006831463633532167,0.01337031267599809,0.017350859868497354,0.013703130849633326,0.012581332927735672,0.008798067190131898,0.00818173642079432,0.008349653438274427,0.006032985644536946,0.006930814879847681
050915,3,MINISTÈRE DE LA DÉFENSE NATIONALE,47133.0,Terrains de golf & country clubs,Saint-Gabriel-de-Valcartier,0.002717518586469534,0.027841308119999998,2020.0,2024.0,0.0,0.0,0.0,0.0,0.001539772244623656,0.0027331896527777776,0.0026361682795698928,0.002717518586469534,0.0008336248611111113,0.00029140256944444446,0.0,0.0
050915,4,Club de golf Stoneham inc.,44589.0,Terrains de golf & country clubs,Stoneham-et-Tewkesbury,0.0012168010752688172,0.0114894,2020.0,2024.0,0.0,0.0,0.0,0.0,0.000556455813172043,0.0011476388888888888,0.0012168010752688172,0.0010645161290322581,0.00044604166666666663,0.00011513888888888888,0.0,0.0
050915,5,HÔTEL & GOLF DE LA FAUNE INC.,45399.0,Terrains de golf & country clubs,Québec,0.0004859375,0.0052794,2020.0,2021.0,0.0,0.0,0.0,0.0,0.0005747905643738977,0.0005453125,0.0004859375,0.00032796336206896554,0.00016562499999999997,0.00012760416666666665,0.0,0.0
050915,6,LES ENTREPRISES DE STONEHAM INC.,46218.0,Centres de ski,Stoneham-et-Tewkesbury,0.0,0.03512652,2020.0,2024.0,0.005983576018674398,0.0014104166666666668,0.0,0.0,0.0,0.0,0.0,0.0,0.0,0.0,0.0072159390129508585,0.008188465657096172
050916,1,INTER-CITÉ USINAGE INC.,54720.0,Extraction de granite,Québec,0.03678730572089947,0.5159422,2020.0,2024.0,0.0,0.0,0.013226930765993267,0.026929887566137567,0.040839936422597714,0.03470901965562053,0.03149803265792849,0.03678730572089947,0.036248952889317475,0.036401370845568874,0.028922361879224624,0.015750438411896744
050916,2,CARRIÈRES QUÉBEC INC.,45199.0,Extraction de calcaire,Québec,0.012581332927735672,0.2574430822068283,2020.0,2024.0,0.004801692233292759,0.0048065168580454735,0.006831463633532167,0.01337031267599809,0.017350859868497354,0.013703130849633326,0.012581332927735672,0.008798067190131898,0.00818173642079432,0.008349653438274427,0.006032985644536946,0.006930814879847681
050916,3,CARRIÈRE UNION LTÉE,63179.0,Extraction de calcaire,Québec,0.011088939871788836,0.05561496949661883,2021.0,2024.0,0.0005627853733147063,0.004885940238551208,0.01612678125639504,0.004752476339339347,0.00668688677972201,0.007410433494321644,0.008925016253475708,0.011088939871788836,0.0058269205580028524,0.004808631990884433,0.008815444416096265,0.016592570849190493
050916,4,MINISTÈRE DE LA DÉFENSE NATIONALE,47133.0,Terrains de golf & country clubs,Saint-Gabriel-de-Valcartier,0.002717518586469534,0.027841308119999998,2020.0,2024.0,0.0,0.0,0.0,0.0,0.001539772244623656,0.0027331896527777776,0.0026361682795698928,0.002717518586469534,0.0008336248611111113,0.00029140256944444446,0.0,0.0
050916,5,Club de golf Stoneham inc.,44589.0,Terrains de golf & country clubs,Stoneham-et-Tewkesbury,0.0012168010752688172,0.0114894,2020.0,2024.0,0.0,0.0,0.0,0.0,0.000556455813172043,0.0011476388888888888,0.0012168010752688172,0.0010645161290322581,0.00044604166666666663,0.00011513888888888888,0.0,0.0
050916,6,CLUB DE GOLF L'ALBATROS DE STE-FOY INC.,44202.0,Terrains de golf & country clubs,Québec,0.0009087836021505378,0.01483686,2020.0,2024.0,0.0,0.0,0.0,0.00043095138888888887,0.0008251288882488479,0.0011256249999999999,0.0009087836021505378,0.0006243514784946236,0.0003426284722222222,0.00011380815038829152,5.208333333333334e-07,0.0
050916,7,HÔTEL & GOLF DE LA FAUNE INC.,45399.0,Terrains de golf & country clubs,Québec,0.0004859375,0.0052794,2020.0,2021.0,0.0,0.0,0.0,0.0,0.0005747905643738977,0.0005453125,0.0004859375,0.00032796336206896554,0.00016562499999999997,0.00012760416666666665,0.0,0.0
050916,8,9516-0198 Québec inc.,44601.0,Centres de ski,Lac-Beauport,0.0,0.0253497,2020.0,2024.0,0.00639437537251396,0.0,0.0,0.0,0.0,0.00016927083333333334,0.0,0.0,0.00028703703703703703,0.00018614165380658436,0.004377282025598753,0.006325005164759441
050916,9,LES ENTREPRISES DE STONEHAM INC.,46218.0,Centres de ski,Stoneham-et-Tewkesbury,0.0,0.03512652,2020.0,2024.0,0.005983576018674398,0.0014104166666666668,0.0,0.0,0.0,0.0,0.0,0.0,0.0,0.0,0.0072159390129508585,0.008188465657096172
050916,10,CENTRE DE SKI LE RELAIS (2024) INC.,73857.0,Centres de ski,Lac-Beauport,0.0,0.0339062,2024.0,2024.0,0.007088575708061002,0.0,0.0,0.0,0.0,0.0,0.0,0.0,0.0,0.0001772119341563786,0.0021727017195767194,0.009596574074074073
051001,1,VILLE DE QUÉBEC,51376.0,Réseaux d'aqueduc & systèmes d'irrigation,Québec,0.04801897401433691,1.40507523,2020.0,2024.0,0.042174451164874546,0.044550087233169125,0.056177153122415224,0.04305927083333334,0.05178174283154121,0.0508534375,0.04801897401433691,0.045719679659498205,0.042998587962962964,0.040269657258064515,0.040759444444444445,0.040020497311827954
051001,2,VILLE DE QUÉBEC,50402.0,Réseaux d'aqueduc & systèmes d'irrigation,Québec,0.030930526760503126,0.73513935,2020.0,2024.0,0.024484053510706736,0.02977765590790914,0.027350769579368023,0.01992714699074074,0.0242108184465624,0.033421063537675606,0.030250751101403822,0.030930526760503126,0.02949273307790549,0.022589319468170103,0.020437473437278274,0.01862251452302398
051001,3,LE CLUB DE GOLF ROYAL QUÉBEC,44200.0,Terrains de golf & country clubs,Boischatel,0.013692459364657638,0.08491704894,2020.0,2024.0,0.0,0.0,0.0,0.007448589015151516,0.009613795833333333,0.011507866740536494,0.01178271803030303,0.013692459364657638,0.010726964436417841,0.005540546006944445,0.0,0.0
051001,4,Municipalité de Boischatel,51361.0,Réseaux d'aqueduc & systèmes d'irrigation,Boischatel,0.007406933243727598,0.19362147,2020.0,2024.0,0.005034352598566308,0.005242580476874658,0.005254043458781362,0.005617962962962963,0.007362858422939068,0.007773877314814814,0.007400022401433693,0.007406933243727598,0.006510150462962963,0.005726489695340502,0.005159444444444444,0.005082067652329749
051001,5,CARRIÈRES QUÉBEC INC.,43898.0,Extraction de calcaire,Québec,0.002241126223086518,0.03355845608114795,2020.0,2024.0,0.0,0.0,0.0016141092048119904,0.002976833029449246,0.004711778600657232,0.0021478105623276888,0.0010010086697670882,0.002241126223086518,0.0036345812937068874,0.0029675871662975138,0.0017885536177619562,0.0022034162687740656
051001,6,Club de golf Le Montmorency inc.,44578.0,Terrains de golf & country clubs,Québec,0.0013493029731680606,0.0132336,2020.0,2024.0,0.0,0.0,0.0,0.0,0.001842310606060606,0.0015565757441791924,0.0012330319750990379,0.0013493029731680606,0.0010516060225095787,0.00020064388736263736,0.0,0.0
051001,7,Club de golf Le Montmorency inc.,44198.0,Terrains de golf & country clubs,Boischatel,0.0009679576335694849,0.01098324,2020.0,2024.0,0.0,0.0,0.0,0.0,0.0010590991405143293,0.0012905457842278495,0.0009133185698817258,0.0009679576335694849,0.0007185295294982795,0.0001884659090909091,0.0,0.0
051001,8,CLUB DE GOLF ALPIN INC.,44196.0,Terrains de golf & country clubs,Sainte-Brigitte-de-Laval,0.0006226073480339106,0.00266802075,2020.0,2024.0,0.0,0.0,0.0,0.00032434375,0.00034130515625000005,0.0006205219791666665,0.0005228788839285715,0.0006226073480339106,0.0005213997883597883,6.12701388888889e-05,0.0,0.0
051005,1,LE CLUB DE GOLF ROYAL QUÉBEC,44200.0,Terrains de golf & country clubs,Boischatel,0.013692459364657638,0.08491704894,2020.0,2024.0,0.0,0.0,0.0,0.007448589015151516,0.009613795833333333,0.011507866740536494,0.01178271803030303,0.013692459364657638,0.010726964436417841,0.005540546006944445,0.0,0.0
051005,2,Municipalité de Boischatel,51361.0,Réseaux d'aqueduc & systèmes d'irrigation,Boischatel,0.007406933243727598,0.19362147,2020.0,2024.0,0.005034352598566308,0.005242580476874658,0.005254043458781362,0.005617962962962963,0.007362858422939068,0.007773877314814814,0.007400022401433693,0.007406933243727598,0.006510150462962963,0.005726489695340502,0.005159444444444444,0.005082067652329749
051005,3,CLUB DE GOLF ALPIN INC.,44196.0,Terrains de golf & country clubs,Sainte-Brigitte-de-Laval,0.0006226073480339106,0.00266802075,2020.0,2024.0,0.0,0.0,0.0,0.00032434375,0.00034130515625000005,0.0006205219791666665,0.0005228788839285715,0.0006226073480339106,0.0005213997883597883,6.12701388888889e-05,0.0,0.0
051502,1,PF RÉSOLU CANADA INC.,43919.0,"Usines de pâte à papier, de papier & de carton",Clermont,0.009860148420334822,0.28827088028886566,2020.0,2024.0,0.009091768011062583,0.00896073795927457,0.009068555329444153,0.008912608570669455,0.009237056503691459,0.009003884194036697,0.009860148420334822,0.009783290529500902,0.009124837063485677,0.008693014610134012,0.00893676440164672,0.008867062049041275
051502,2,CORPORATION DU PARC RÉGIONAL DU MONT GRAND FONDS INC.,45613.0,Centres de ski,La Malbaie,0.0,0.00774918898125,2021.0,2024.0,0.002082208241200029,0.0,0.0,0.0,0.0,0.0,0.0,0.0,0.0,0.0,0.0016682922132493921,0.002847926035309694
051502,3,CORPORATION DU PARC RÉGIONAL DU MONT GRAND FONDS INC.,48364.0,Centres de ski,La Malbaie,0.0,0.0073197,2021.0,2022.0,0.0011450054655349792,0.0,0.0,0.0,0.0,0.0,0.0,0.0,0.0,0.0,0.0014864267676767675,0.0031761032248547568
051502,4,CORPORATION DU PARC RÉGIONAL DU MONT GRAND FONDS INC.,48365.0,Centres de ski,La Malbaie,0.0,0.0073177,2021.0,2022.0,0.0011421119470164608,0.0,0.0,0.0,0.0,0.0,0.0,0.0,0.0,0.0,0.0008871469322858211,0.0031761032248547568
052212,1,CARRIÈRES UNI-JAC INC.,55307.0,Extraction de minerais non métalliques,Mirabel,0.07231231332138591,0.628932,2020.0,2024.0,0.008817316308243728,0.01024043285896734,0.011640606332138589,0.016744753086419754,0.038028121266427725,0.053359722222222225,0.07231231332138591,0.0579883885902031,0.07177453703703703,0.05719317502986858,0.040266666666666666,0.012302643369175626
052212,2,Roland Janson ltée,71382.0,Culture du tabac,L'Assomption,0.052454890625,0.0236299167,2021.0,2024.0,0.0,0.0,0.0,0.0,0.0,0.0,0.052454890625,0.025374999999999998,0.044052729166666665,0.0015624999999999999,0.0,0.0
052212,3,Les entreprises Quali-Ferme inc.,72560.0,Culture de pommes de terre,Sainte-Marie-Salomé,0.022994791666666667,0.020952,2021.0,2022.0,0.0,0.0,0.0,0.0,0.0,0.025,0.022725694444444444,0.022994791666666667,0.0,0.0,0.0,0.0
052212,4,LES JARDINS M. LAVOIE & FILS INC.,72509.0,Autres cultures agricoles,Saint-Liguori,0.01803096064814815,0.01635665,2021.0,2024.0,0.0,0.0,0.0,0.0,0.0008217592592592593,0.008283854166666667,0.008184220679012345,0.01803096064814815,0.011763117283950618,0.0,0.0,0.0
052212,5,FERME GAÉTAN CORMIER INC.,71091.0,Culture de pommes de terre,L'Assomption,0.013532966165141524,0.019519281135817575,2020.0,2024.0,0.0,0.0,0.0,0.0,0.0228125,0.005265489920037779,0.0053047408909458905,0.013532966165141524,0.0,0.0,0.0,0.0
052212,6,FERME MARIO KAY & FILS INC.,64976.0,Culture de pommes de terre,L'Assomption,0.012623263888888889,0.010078314625083405,2021.0,2022.0,0.0,0.0,0.0,0.0,0.0,0.0,0.0010125950041798004,0.012623263888888889,0.0,0.0,0.0,0.0
052212,7,LE CLUB DE GOLF DE L'ÉPIPHANIE INC.,47150.0,Terrains de golf & country clubs,L'Épiphanie,0.011033463485589836,0.10000199948040113,2021.0,2024.0,0.0,0.0,0.0,0.014070858167920464,0.01186222503721469,0.011515155741422194,0.011033463485589836,0.010738566265581659,0.011670272905026983,0.0,0.0,0.0
052212,8,"LES FERMES RIVEST, BOURGEOIS INC.",71092.0,Culture de légumes & de melons,Rawdon,0.010911693029835391,0.018660756666666667,2021.0,2024.0,0.0,0.0,0.0,0.0,0.0,0.0043664255401234565,0.010238420974794238,0.010911693029835391,0.0,0.0,0.0,0.0
052212,9,CLUB DE GOLF DE RAWDON INC.,47707.0,Terrains de golf & country clubs,Rawdon,0.010910934284979424,0.0589017925,2020.0,2023.0,0.0,0.0,0.0,0.00307840057319224,0.008593285721801347,0.009949626007587864,0.010536258654020098,0.010910934284979424,0.009514782664609053,0.005574836033950617,0.0,0.0
052212,10,PARADIS DES FRAISES J. AUCLAIR & FILS INC.,70890.0,Culture de fruits & de noix,Lavaltrie,0.010774526752998228,0.03550900157513423,2020.0,2024.0,0.0,0.0,0.0,0.012965572707701342,0.008989060408802029,0.008991645211922392,0.010774526752998228,0.010774526752998228,0.010774526752998228,0.0,0.0,0.0
052212,11,LES JARDINS G & R LTEE,72824.0,Culture de légumes & de melons,L'Épiphanie,0.010226444444444444,0.0039760416,2020.0,2022.0,0.0,0.0,0.0,0.0,0.0,0.01150475,0.007669833333333333,0.010226444444444444,0.007669833333333333,0.0,0.0,0.0
052212,12,FERME GAÉTAN CORMIER INC.,72200.0,Culture de pommes de terre,Lavaltrie,0.009481283583153758,0.009276753197954032,2020.0,2024.0,0.0,0.0,0.0,0.0,0.0,0.010494935254803675,0.009481283583153758,0.0051832576102555615,0.0,0.0,0.0,0.0
052212,13,FERME MARIO KAY & FILS INC.,71020.0,Culture de pommes de terre,L'Assomption,0.008760537514418194,0.010359974625083404,2021.0,2022.0,0.0,0.0,0.0,0.0,0.0,0.0,0.008760537514418194,0.0,0.0,0.0,0.0,0.0
052212,14,LES JARDINS G & R LTEE,72825.0,Culture de légumes & de melons,Saint-Esprit,0.007669833333333333,0.0039760416,2021.0,2022.0,0.0,0.0,0.0,0.0,0.0,0.007669833333333333,0.007669833333333333,0.007669833333333333,0.007669833333333333,0.0,0.0,0.0
052212,15,LES JARDINS G & R LTEE,72826.0,Culture de légumes & de melons,L'Épiphanie,0.007669833333333333,0.004638715199999999,2021.0,2022.0,0.0,0.0,0.0,0.0,0.0,0.005752375,0.007669833333333333,0.007669833333333333,0.007669833333333333,0.0,0.0,0.0
052212,16,LES FERMES ANDRE BERARD INC.,71080.0,Culture de légumes & de melons,Notre-Dame-de-Lourdes,0.0072734314505822645,0.01090164355374999,2020.0,2024.0,0.0,0.0,0.0,0.0,0.004049537603049886,0.008499108013408705,0.0072734314505822645,0.007078340273818685,0.0010445978972931085,0.0,0.0,0.0
052212,17,GRAYMONT (QC) INC.,70455.0,Extraction de calcaire,Crabtree,0.006954296725284552,0.18560144498103248,2020.0,2024.0,0.007562391224037293,0.002546636546176808,0.006065198847485709,0.011255255493755893,0.006935871877987226,0.004175680676965931,0.006954296725284552,0.0048829106372830396,0.006929501213340175,0.004014240813946591,0.003806838993042192,0.005311270867115912
052212,18,LES FERMES M.V.G. INC.,71903.0,Culture de pommes de terre,Lavaltrie,0.006770833333333333,0.004738532142857143,2021.0,2023.0,0.0,0.0,0.0,0.0,0.0,0.005721428571428573,0.006770833333333333,0.00634765625,0.0,0.0,0.0,0.0
052212,19,Information personnelle,71416.0,Culture de pommes de terre,L'Assomption,0.006165464487850547,0.004322649369308088,2020.0,2022.0,0.0,0.0,0.0,0.0,0.0,0.005909080354536528,0.006165464487850547,0.005897085610200363,0.0,0.0,0.0,0.0
052212,20,PARADIS DES FRAISES J. AUCLAIR & FILS INC.,70889.0,Culture de fruits & de noix,Lavaltrie,0.005914962707334377,0.01962494790997199,2020.0,2024.0,0.0,0.0,0.0,0.007235575276445836,0.004867110363758744,0.004865898737296074,0.005914962707334377,0.005914962707334377,0.005914962707334377,0.0,0.0,0.0
052212,21,+ 36 autres préleveurs,,,,0.08162822933373876,,,,0.023146195211298952,0.006900991193414302,0.009016201837342462,0.025802538752994014,0.03867258145132095,0.06544138089860586,0.07217876212716479,0.06232083298620926,0.04262918327832366,0.017155185311117482,0.04615300095877291,0.04802042614005507
052219,1,CARRIÈRES UNI-JAC INC.,55307.0,Extraction de minerais non métalliques,Mirabel,0.07231231332138591,0.628932,2020.0,2024.0,0.008817316308243728,0.01024043285896734,0.011640606332138589,0.016744753086419754,0.038028121266427725,0.053359722222222225,0.07231231332138591,0.0579883885902031,0.07177453703703703,0.05719317502986858,0.040266666666666666,0.012302643369175626
052219,2,LES FERMES M.V.G. INC.,71832.0,Culture de pommes de terre,Notre-Dame-de-Lourdes,0.06770833333333333,0.04875,2020.0,2022.0,0.0,0.0,0.0,0.0,0.0,0.022569444444444444,0.06770833333333333,0.06770833333333333,0.0,0.0,0.0,0.0
052219,3,Roland Janson ltée,71382.0,Culture du tabac,L'Assomption,0.052454890625,0.0236299167,2021.0,2024.0,0.0,0.0,0.0,0.0,0.0,0.0,0.052454890625,0.025374999999999998,0.044052729166666665,0.0015624999999999999,0.0,0.0
052219,4,VILLE DE JOLIETTE,50661.0,Réseaux d'aqueduc & systèmes d'irrigation,Joliette,0.041260528673835124,1.02901156,2020.0,2024.0,0.02608894489247312,0.0269836423554096,0.027438978494623657,0.02755653163580247,0.034421353419952214,0.04240706018518518,0.04094913381123059,0.041260528673835124,0.036084791666666664,0.03160582063918758,0.02958432484567901,0.02685404345878136
052219,5,9071-1979 Québec inc.,72723.0,Culture mixte de fruits & de légumes,Notre-Dame-de-Lourdes,0.0394758797242957,0.01586435290858644,2021.0,2023.0,0.0,0.0,0.0,0.0,0.0,0.0,0.01904897290870942,0.0394758797242957,0.002745630230882806,0.0,0.0,0.0
052219,6,BÉTON PROVINCIAL LTÉE,63279.0,Fab. de ciment,Joliette,0.031790994623655915,0.693793,2024.0,2024.0,0.023466435185185187,0.013735119047619048,0.028998643039591314,0.029471836419753084,0.02155671296296296,0.02266559829059829,0.02874141278375149,0.031790994623655915,0.031086033950617285,0.01905439814814815,0.020718557098765432,0.016386663105413105
052219,7,9071-1979 Québec inc.,72720.0,Culture mixte de fruits & de légumes,Notre-Dame-de-Lourdes,0.023890372221233497,0.004749214328892573,2021.0,2024.0,0.0,0.0,0.0,0.0,0.0,0.010728933651694913,0.023890372221233497,2.5793669494761108e-05,0.0,0.0,0.0,0.0
052219,8,Les entreprises Quali-Ferme inc.,72560.0,Culture de pommes de terre,Sainte-Marie-Salomé,0.022994791666666667,0.020952,2021.0,2022.0,0.0,0.0,0.0,0.0,0.0,0.025,0.022725694444444444,0.022994791666666667,0.0,0.0,0.0,0.0
052219,9,LES JARDINS M. LAVOIE & FILS INC.,72509.0,Autres cultures agricoles,Saint-Liguori,0.01803096064814815,0.01635665,2021.0,2024.0,0.0,0.0,0.0,0.0,0.0008217592592592593,0.008283854166666667,0.008184220679012345,0.01803096064814815,0.011763117283950618,0.0,0.0,0.0
052219,10,MAXI-SOL INC.,72108.0,Culture de pommes de terre,Saint-Charles-Borromée,0.017222222222222222,0.009828,2022.0,2022.0,0.0,0.0,0.0,0.0,0.0,0.0,0.015520833333333334,0.017222222222222222,0.0,0.0,0.0,0.0
052219,11,FERME GAÉTAN CORMIER INC.,71091.0,Culture de pommes de terre,L'Assomption,0.013532966165141524,0.019519281135817575,2020.0,2024.0,0.0,0.0,0.0,0.0,0.0228125,0.005265489920037779,0.0053047408909458905,0.013532966165141524,0.0,0.0,0.0,0.0
052219,12,GERARD ASSELIN & FILS LTÉE,71371.0,Culture de légumes & de melons,Notre-Dame-de-Lourdes,0.012868542884990255,0.0051118175542217035,2022.0,2024.0,0.0,0.0,0.0,0.0,0.0,0.0023353909465020574,0.01265252063609728,0.012868542884990255,0.005787037037037038,0.0,0.0,0.0
052219,13,FERME MARIO KAY & FILS INC.,64976.0,Culture de pommes de terre,L'Assomption,0.012623263888888889,0.010078314625083405,2021.0,2022.0,0.0,0.0,0.0,0.0,0.0,0.0,0.0010125950041798004,0.012623263888888889,0.0,0.0,0.0,0.0
052219,14,LE CLUB DE GOLF DE L'ÉPIPHANIE INC.,47150.0,Terrains de golf & country clubs,L'Épiphanie,0.011033463485589836,0.10000199948040113,2021.0,2024.0,0.0,0.0,0.0,0.014070858167920464,0.01186222503721469,0.011515155741422194,0.011033463485589836,0.010738566265581659,0.011670272905026983,0.0,0.0,0.0
052219,15,"LES FERMES RIVEST, BOURGEOIS INC.",71092.0,Culture de légumes & de melons,Rawdon,0.010911693029835391,0.018660756666666667,2021.0,2024.0,0.0,0.0,0.0,0.0,0.0,0.0043664255401234565,0.010238420974794238,0.010911693029835391,0.0,0.0,0.0,0.0
052219,16,CLUB DE GOLF DE RAWDON INC.,47707.0,Terrains de golf & country clubs,Rawdon,0.010910934284979424,0.0589017925,2020.0,2023.0,0.0,0.0,0.0,0.00307840057319224,0.008593285721801347,0.009949626007587864,0.010536258654020098,0.010910934284979424,0.009514782664609053,0.005574836033950617,0.0,0.0
052219,17,PARADIS DES FRAISES J. AUCLAIR & FILS INC.,70890.0,Culture de fruits & de noix,Lavaltrie,0.010774526752998228,0.03550900157513423,2020.0,2024.0,0.0,0.0,0.0,0.012965572707701342,0.008989060408802029,0.008991645211922392,0.010774526752998228,0.010774526752998228,0.010774526752998228,0.0,0.0,0.0
052219,18,LE CLUB DE GOLF DE JOLIETTE INC.,47982.0,Terrains de golf & country clubs,Saint-Charles-Borromée,0.010605419293041651,0.12665411,2020.0,2024.0,0.0,0.0,0.0,0.0016005098528015197,0.009397741018636772,0.012295947259530593,0.010605419293041651,0.009262209488567761,0.0074001685645272595,0.0033613237847222224,0.0,0.0
052219,19,9071-1979 Québec inc.,72722.0,Culture mixte de fruits & de légumes,Notre-Dame-de-Lourdes,0.01032729546534855,0.0056581018813210175,2021.0,2024.0,0.0,0.0,0.0,0.0,0.0,0.0040039362923270936,0.01032729546534855,0.007932539033186801,0.008275558200628814,0.0,0.0,0.0
052219,20,LES JARDINS G & R LTEE,72824.0,Culture de légumes & de melons,L'Épiphanie,0.010226444444444444,0.0039760416,2020.0,2022.0,0.0,0.0,0.0,0.0,0.0,0.01150475,0.007669833333333333,0.010226444444444444,0.007669833333333333,0.0,0.0,0.0
052219,21,+ 58 autres préleveurs,,,,0.19650413389531318,,,,0.03634163695056923,0.01500530051685575,0.020977462699463774,0.05141934906431775,0.07912556794669671,0.15288898015574542,0.17679740504109176,0.1480282317726117,0.0998213985335028,0.029475099203292596,0.056433653609222506,0.05930550133064769
052228,1,CARRIÈRES UNI-JAC INC.,55307.0,Extraction de minerais non métalliques,Mirabel,0.07231231332138591,0.628932,2020.0,2024.0,0.008817316308243728,0.01024043285896734,0.011640606332138589,0.016744753086419754,0.038028121266427725,0.053359722222222225,0.07231231332138591,0.0579883885902031,0.07177453703703703,0.05719317502986858,0.040266666666666666,0.012302643369175626
052228,2,Roland Janson ltée,71382.0,Culture du tabac,L'Assomption,0.052454890625,0.0236299167,2021.0,2024.0,0.0,0.0,0.0,0.0,0.0,0.0,0.052454890625,0.025374999999999998,0.044052729166666665,0.0015624999999999999,0.0,0.0
052228,3,Les entreprises Quali-Ferme inc.,72560.0,Culture de pommes de terre,Sainte-Marie-Salomé,0.022994791666666667,0.020952,2021.0,2022.0,0.0,0.0,0.0,0.0,0.0,0.025,0.022725694444444444,0.022994791666666667,0.0,0.0,0.0,0.0
052228,4,LES JARDINS M. LAVOIE & FILS INC.,72509.0,Autres cultures agricoles,Saint-Liguori,0.01803096064814815,0.01635665,2021.0,2024.0,0.0,0.0,0.0,0.0,0.0008217592592592593,0.008283854166666667,0.008184220679012345,0.01803096064814815,0.011763117283950618,0.0,0.0,0.0
052228,5,FERME GAÉTAN CORMIER INC.,71091.0,Culture de pommes de terre,L'Assomption,0.013532966165141524,0.019519281135817575,2020.0,2024.0,0.0,0.0,0.0,0.0,0.0228125,0.005265489920037779,0.0053047408909458905,0.013532966165141524,0.0,0.0,0.0,0.0
052228,6,FERME MARIO KAY & FILS INC.,64976.0,Culture de pommes de terre,L'Assomption,0.012623263888888889,0.010078314625083405,2021.0,2022.0,0.0,0.0,0.0,0.0,0.0,0.0,0.0010125950041798004,0.012623263888888889,0.0,0.0,0.0,0.0
052228,7,"LES FERMES RIVEST, BOURGEOIS INC.",71092.0,Culture de légumes & de melons,Rawdon,0.010911693029835391,0.018660756666666667,2021.0,2024.0,0.0,0.0,0.0,0.0,0.0,0.0043664255401234565,0.010238420974794238,0.010911693029835391,0.0,0.0,0.0,0.0
052228,8,CLUB DE GOLF DE RAWDON INC.,47707.0,Terrains de golf & country clubs,Rawdon,0.010910934284979424,0.0589017925,2020.0,2023.0,0.0,0.0,0.0,0.00307840057319224,0.008593285721801347,0.009949626007587864,0.010536258654020098,0.010910934284979424,0.009514782664609053,0.005574836033950617,0.0,0.0
052228,9,PARADIS DES FRAISES J. AUCLAIR & FILS INC.,70890.0,Culture de fruits & de noix,Lavaltrie,0.010774526752998228,0.03550900157513423,2020.0,2024.0,0.0,0.0,0.0,0.012965572707701342,0.008989060408802029,0.008991645211922392,0.010774526752998228,0.010774526752998228,0.010774526752998228,0.0,0.0,0.0
052228,10,FERME GAÉTAN CORMIER INC.,72200.0,Culture de pommes de terre,Lavaltrie,0.009481283583153758,0.009276753197954032,2020.0,2024.0,0.0,0.0,0.0,0.0,0.0,0.010494935254803675,0.009481283583153758,0.0051832576102555615,0.0,0.0,0.0,0.0
052228,11,FERME MARIO KAY & FILS INC.,71020.0,Culture de pommes de terre,L'Assomption,0.008760537514418194,0.010359974625083404,2021.0,2022.0,0.0,0.0,0.0,0.0,0.0,0.0,0.008760537514418194,0.0,0.0,0.0,0.0,0.0
052228,12,LES JARDINS G & R LTEE,72825.0,Culture de légumes & de melons,Saint-Esprit,0.007669833333333333,0.0039760416,2021.0,2022.0,0.0,0.0,0.0,0.0,0.0,0.007669833333333333,0.007669833333333333,0.007669833333333333,0.007669833333333333,0.0,0.0,0.0
052228,13,LES FERMES M.V.G. INC.,71903.0,Culture de pommes de terre,Lavaltrie,0.006770833333333333,0.004738532142857143,2021.0,2023.0,0.0,0.0,0.0,0.0,0.0,0.005721428571428573,0.006770833333333333,0.00634765625,0.0,0.0,0.0,0.0
052228,14,Information personnelle,71416.0,Culture de pommes de terre,L'Assomption,0.006165464487850547,0.004322649369308088,2020.0,2022.0,0.0,0.0,0.0,0.0,0.0,0.005909080354536528,0.006165464487850547,0.005897085610200363,0.0,0.0,0.0,0.0
052228,15,PARADIS DES FRAISES J. AUCLAIR & FILS INC.,70889.0,Culture de fruits & de noix,Lavaltrie,0.005914962707334377,0.01962494790997199,2020.0,2024.0,0.0,0.0,0.0,0.007235575276445836,0.004867110363758744,0.004865898737296074,0.005914962707334377,0.005914962707334377,0.005914962707334377,0.0,0.0,0.0
052228,16,CLUBLINK CORPORATION ULC,55350.0,Terrains de golf & country clubs,Sainte-Sophie,0.005195963541666667,0.0302427,2020.0,2020.0,0.0,0.0,0.0,0.0,0.0011398809523809523,0.006596014492753624,0.0031197916666666665,0.005195963541666667,0.00256344696969697,0.0010338541666666666,0.0,0.0
052228,17,FERME GAÉTAN CORMIER INC.,72196.0,Culture de pommes de terre,L'Assomption,0.004874035975568073,0.0059979011492458534,2020.0,2024.0,0.0,0.0,0.0,0.0,0.0,0.0038462458097266957,0.004874035975568073,0.0027061310782241013,0.0,0.0,0.0,0.0
052228,18,CENTRE DE VILLÉGIATURE ET DE CONGRÈS LANAUDIÈRE INC.,45309.0,Tous les autres services de divert. & loisirs,Saint-Jean-de-Matha,0.004664693473715651,0.111364584,2020.0,2024.0,7.467144563918757e-08,7.982120051085569e-08,7.467144563918757e-08,7.71604938271605e-08,0.003140344982078853,0.004232112654320988,0.004664693473715651,0.0032245021654719237,0.001996661651234568,0.0004821825145828941,0.0064712750771604936,0.006864945863201912
052228,19,FERME GAÉTAN CORMIER INC.,72201.0,Culture de pommes de terre,Lavaltrie,0.003933261922503726,0.0023478829948850805,2020.0,2022.0,0.0,0.0,0.0,0.0,0.0,0.0021053936925647452,0.00202405572350414,0.003933261922503726,0.0,0.0,0.0,0.0
052228,20,FERME GAÉTAN CORMIER INC.,72195.0,Culture de pommes de terre,L'Assomption,0.0029168159853380214,0.0030760079239755783,2020.0,2024.0,0.0,0.0,0.0,0.0,0.0,0.0036680697240459533,0.0029168159853380214,0.0011805955963349664,0.0,0.0,0.0,0.0
052228,21,+ 13 autres préleveurs,,,,0.012042435848717314,,,,0.014145659722222223,7.39133230452675e-05,0.0,0.0076815938406460255,0.002960119837042277,0.01006699914441251,0.010172431113327355,0.010842221569009353,0.0012193731649380347,0.00038180583557347666,0.030790829153806588,0.03099568014705882
052231,1,CARRIÈRES UNI-JAC INC.,55307.0,Extraction de minerais non métalliques,Mirabel,0.07231231332138591,0.628932,2020.0,2024.0,0.008817316308243728,0.01024043285896734,0.011640606332138589,0.016744753086419754,0.038028121266427725,0.053359722222222225,0.07231231332138591,0.0579883885902031,0.07177453703703703,0.05719317502986858,0.040266666666666666,0.012302643369175626
052231,2,CLUBLINK CORPORATION ULC,55350.0,Terrains de golf & country clubs,Sainte-Sophie,0.005195963541666667,0.0302427,2020.0,2020.0,0.0,0.0,0.0,0.0,0.0011398809523809523,0.006596014492753624,0.0031197916666666665,0.005195963541666667,0.00256344696969697,0.0010338541666666666,0.0,0.0
052231,3,CENTRE DE VILLÉGIATURE ET DE CONGRÈS LANAUDIÈRE INC.,45309.0,Tous les autres services de divert. & loisirs,Saint-Jean-de-Matha,0.004664693473715651,0.111364584,2020.0,2024.0,7.467144563918757e-08,7.982120051085569e-08,7.467144563918757e-08,7.71604938271605e-08,0.003140344982078853,0.004232112654320988,0.004664693473715651,0.0032245021654719237,0.001996661651234568,0.0004821825145828941,0.0064712750771604936,0.006864945863201912
052231,4,LES CARAVANIERS NOMADES DE MONTRÉAL INC.,49955.0,Réseaux d'aqueduc & systèmes d'irrigation,Rawdon,0.0016093969347371565,0.02053265375,2020.0,2023.0,0.0,0.0,0.0,0.007167064043209877,0.001054323476702509,0.0015647342785493827,0.0016093969347371565,0.0005487064727698128,0.000493119212962963,0.00038180583557347666,0.0007208188657407407,0.0
052231,5,LA RÉSERVE MANAGEMENT INC.,45313.0,Centres de ski,Saint-Donat,0.0,0.00031355,2022.0,2023.0,7.390046296296298e-05,7.39133230452675e-05,0.0,0.0,0.0,0.0,0.0,0.0,0.0,0.0,7.386831275720164e-05,7.392088779956428e-05
052231,6,SKI MONTCALM LTÉE,54785.0,Centres de ski,Rawdon,0.0,0.0511704,2020.0,2024.0,0.01407175925925926,0.0,0.0,0.0,0.0,0.0,0.0,0.0,0.0,0.0,0.029996141975308643,0.030921759259259256
052233,1,CARRIÈRES UNI-JAC INC.,55307.0,Extraction de minerais non métalliques,Mirabel,0.07231231332138591,0.628932,2020.0,2024.0,0.008817316308243728,0.01024043285896734,0.011640606332138589,0.016744753086419754,0.038028121266427725,0.053359722222222225,0.07231231332138591,0.0579883885902031,0.07177453703703703,0.05719317502986858,0.040266666666666666,0.012302643369175626
052233,2,Roland Janson ltée,71382.0,Culture du tabac,L'Assomption,0.052454890625,0.0236299167,2021.0,2024.0,0.0,0.0,0.0,0.0,0.0,0.0,0.052454890625,0.025374999999999998,0.044052729166666665,0.0015624999999999999,0.0,0.0
052233,3,Les entreprises Quali-Ferme inc.,72560.0,Culture de pommes de terre,Sainte-Marie-Salomé,0.022994791666666667,0.020952,2021.0,2022.0,0.0,0.0,0.0,0.0,0.0,0.025,0.022725694444444444,0.022994791666666667,0.0,0.0,0.0,0.0
052233,4,LES JARDINS M. LAVOIE & FILS INC.,72509.0,Autres cultures agricoles,Saint-Liguori,0.01803096064814815,0.01635665,2021.0,2024.0,0.0,0.0,0.0,0.0,0.0008217592592592593,0.008283854166666667,0.008184220679012345,0.01803096064814815,0.011763117283950618,0.0,0.0,0.0
052233,5,FERME GAÉTAN CORMIER INC.,71091.0,Culture de pommes de terre,L'Assomption,0.013532966165141524,0.019519281135817575,2020.0,2024.0,0.0,0.0,0.0,0.0,0.0228125,0.005265489920037779,0.0053047408909458905,0.013532966165141524,0.0,0.0,0.0,0.0
052233,6,FERME MARIO KAY & FILS INC.,64976.0,Culture de pommes de terre,L'Assomption,0.012623263888888889,0.010078314625083405,2021.0,2022.0,0.0,0.0,0.0,0.0,0.0,0.0,0.0010125950041798004,0.012623263888888889,0.0,0.0,0.0,0.0
052233,7,LE CLUB DE GOLF DE L'ÉPIPHANIE INC.,47150.0,Terrains de golf & country clubs,L'Épiphanie,0.011033463485589836,0.10000199948040113,2021.0,2024.0,0.0,0.0,0.0,0.014070858167920464,0.01186222503721469,0.011515155741422194,0.011033463485589836,0.010738566265581659,0.011670272905026983,0.0,0.0,0.0
052233,8,"LES FERMES RIVEST, BOURGEOIS INC.",71092.0,Culture de légumes & de melons,Rawdon,0.010911693029835391,0.018660756666666667,2021.0,2024.0,0.0,0.0,0.0,0.0,0.0,0.0043664255401234565,0.010238420974794238,0.010911693029835391,0.0,0.0,0.0,0.0
052233,9,CLUB DE GOLF DE RAWDON INC.,47707.0,Terrains de golf & country clubs,Rawdon,0.010910934284979424,0.0589017925,2020.0,2023.0,0.0,0.0,0.0,0.00307840057319224,0.008593285721801347,0.009949626007587864,0.010536258654020098,0.010910934284979424,0.009514782664609053,0.005574836033950617,0.0,0.0
052233,10,PARADIS DES FRAISES J. AUCLAIR & FILS INC.,70890.0,Culture de fruits & de noix,Lavaltrie,0.010774526752998228,0.03550900157513423,2020.0,2024.0,0.0,0.0,0.0,0.012965572707701342,0.008989060408802029,0.008991645211922392,0.010774526752998228,0.010774526752998228,0.010774526752998228,0.0,0.0,0.0
052233,11,LES JARDINS G & R LTEE,72824.0,Culture de légumes & de melons,L'Épiphanie,0.010226444444444444,0.0039760416,2020.0,2022.0,0.0,0.0,0.0,0.0,0.0,0.01150475,0.007669833333333333,0.010226444444444444,0.007669833333333333,0.0,0.0,0.0
052233,12,FERME GAÉTAN CORMIER INC.,72200.0,Culture de pommes de terre,Lavaltrie,0.009481283583153758,0.009276753197954032,2020.0,2024.0,0.0,0.0,0.0,0.0,0.0,0.010494935254803675,0.009481283583153758,0.0051832576102555615,0.0,0.0,0.0,0.0
052233,13,FERME MARIO KAY & FILS INC.,71020.0,Culture de pommes de terre,L'Assomption,0.008760537514418194,0.010359974625083404,2021.0,2022.0,0.0,0.0,0.0,0.0,0.0,0.0,0.008760537514418194,0.0,0.0,0.0,0.0,0.0
052233,14,LES JARDINS G & R LTEE,72826.0,Culture de légumes & de melons,L'Épiphanie,0.007669833333333333,0.004638715199999999,2021.0,2022.0,0.0,0.0,0.0,0.0,0.0,0.005752375,0.007669833333333333,0.007669833333333333,0.007669833333333333,0.0,0.0,0.0
052233,15,LES JARDINS G & R LTEE,72825.0,Culture de légumes & de melons,Saint-Esprit,0.007669833333333333,0.0039760416,2021.0,2022.0,0.0,0.0,0.0,0.0,0.0,0.007669833333333333,0.007669833333333333,0.007669833333333333,0.007669833333333333,0.0,0.0,0.0
052233,16,GRAYMONT (QC) INC.,70455.0,Extraction de calcaire,Crabtree,0.006954296725284552,0.18560144498103248,2020.0,2024.0,0.007562391224037293,0.002546636546176808,0.006065198847485709,0.011255255493755893,0.006935871877987226,0.004175680676965931,0.006954296725284552,0.0048829106372830396,0.006929501213340175,0.004014240813946591,0.003806838993042192,0.005311270867115912
052233,17,LES FERMES M.V.G. INC.,71903.0,Culture de pommes de terre,Lavaltrie,0.006770833333333333,0.004738532142857143,2021.0,2023.0,0.0,0.0,0.0,0.0,0.0,0.005721428571428573,0.006770833333333333,0.00634765625,0.0,0.0,0.0,0.0
052233,18,Information personnelle,71416.0,Culture de pommes de terre,L'Assomption,0.006165464487850547,0.004322649369308088,2020.0,2022.0,0.0,0.0,0.0,0.0,0.0,0.005909080354536528,0.006165464487850547,0.005897085610200363,0.0,0.0,0.0,0.0
052233,19,PARADIS DES FRAISES J. AUCLAIR & FILS INC.,70889.0,Culture de fruits & de noix,Lavaltrie,0.005914962707334377,0.01962494790997199,2020.0,2024.0,0.0,0.0,0.0,0.007235575276445836,0.004867110363758744,0.004865898737296074,0.005914962707334377,0.005914962707334377,0.005914962707334377,0.0,0.0,0.0
052233,20,CLUBLINK CORPORATION ULC,55350.0,Terrains de golf & country clubs,Sainte-Sophie,0.005195963541666667,0.0302427,2020.0,2020.0,0.0,0.0,0.0,0.0,0.0011398809523809523,0.006596014492753624,0.0031197916666666665,0.005195963541666667,0.00256344696969697,0.0010338541666666666,0.0,0.0
052233,21,+ 24 autres préleveurs,,,,0.0373965780560037,,,,0.019855435802696806,0.0035475688594423993,0.00561991300819073,0.017876913849813207,0.014376633132458422,0.030641583732458344,0.03355375770296669,0.02562280285673486,0.005052203502403425,0.002398619883907864,0.04293307426124204,0.04464254755582568
052805,1,LES ENTREPRISES ROBERT ROUSSEAU INC.,46998.0,Terrains de golf & country clubs,Louiseville,0.001888888888888889,0.0110576,2020.0,2024.0,0.0,0.0,0.0,0.0011805555555555556,0.002361111111111111,0.002361111111111111,0.001888888888888889,0.0018503086419753088,0.001888888888888889,0.002361111111111111,0.0,0.0
060601,1,VILLE DE SAGUENAY,46826.0,Centres de ski,Saguenay,0.0,0.00201254,2020.0,2024.0,0.0013660493827160494,0.0,0.0,0.0,0.0,0.0,0.0,0.0,0.0,0.0,0.00142602237654321,0.0014295130120650953
060901,1,CLUB DE GOLF LE RICOCHET (CHICOUTIMI) INC.,46396.0,Terrains de golf & country clubs,Saguenay,0.0014515798611111112,0.007564385340000001,2020.0,2024.0,0.0,0.0,0.0,0.0,0.0014302575498575498,0.0011900040584415586,0.0014515798611111112,0.0012922129208754209,0.0043727057539682535,0.0003072916666666667,0.0,0.0
061307,1,MUNICIPALITÉ D'HÉBERTVILLE,55420.0,Centres de ski,Hébertville,0.0,0.0121256175,2020.0,2023.0,0.00434339674810338,0.0,0.0,0.0,0.0,0.0,0.0,0.0,0.0,0.0,0.001437662037037037,0.004169917971046443
061801,1,VILLAGE DE SAINTE-JEANNE-D'ARC,51581.0,Réseaux d'aqueduc & systèmes d'irrigation,Sainte-Jeanne-d'Arc,0.0006562163978494624,0.01638918,2020.0,2024.0,0.00048533826164874556,0.00046951884920634916,0.0004956653225806452,0.00045432870370370364,0.0006675179211469534,0.0006398032407407408,0.0006562163978494624,0.0005711357526881721,0.0005449421296296296,0.0004335909498207885,0.0003870138888888889,0.00041816756272401435
061801,2,Municipalité de Péribonka,49908.0,Réseaux d'aqueduc & systèmes d'irrigation,Péribonka,0.0004648196684587814,0.01113375,2020.0,2024.0,0.00030208632019115887,0.0003041794950738916,0.00030230100059737154,0.00032340277777777776,0.0003696352299880526,0.00041459490740740747,0.0004648196684587814,0.0004487130376344086,0.0003800462962962963,0.0003352296146953405,0.00030136574074074077,0.000320259109916368
061901,1,FIBREK S.E.N.C.,46039.0,Usines de pâte chimique,Saint-Félicien,0.12015198626045401,2.8519435,2020.0,2024.0,0.08103877688172043,0.082790578817734,0.08106468040621266,0.06790461419753087,0.08726821983273596,0.10647912808641975,0.11266069295101552,0.12015198626045401,0.09381074845679012,0.08931988500597372,0.08264415895061729,0.07791790621266428
061901,2,CENTRE DE CONSERVATION DE LA BIODIVERSITÉ BORÉALE (CCBB) INC.,57228.0,Parcs d'attractions & jardins thématiques,Saint-Félicien,0.05315785543608124,0.7100364,2020.0,2024.0,0.0,0.0,0.0,0.0,0.05315785543608124,0.05315787037037036,0.05315785543608124,0.05315785543608124,0.05315787037037036,0.0493287037037037,0.0,0.0
061901,3,CENTRE DE CONSERVATION DE LA BIODIVERSITÉ BORÉALE (CCBB) INC.,54712.0,Parcs d'attractions & jardins thématiques,Saint-Félicien,0.050799805854241334,0.667645,2020.0,2024.0,0.0,0.0,0.0,0.0,0.050799805854241334,0.05079984567901234,0.050799805854241334,0.050799805854241334,0.05079984567901234,0.045,0.0,0.0
061901,4,CENTRE DE CONSERVATION DE LA BIODIVERSITÉ BORÉALE (CCBB) INC.,57229.0,Parcs d'attractions & jardins thématiques,Saint-Félicien,0.020850955794504182,0.2622772,2020.0,2024.0,0.0,0.0,0.0,0.0,0.01663888888888889,0.020846682098765435,0.02046789127837515,0.020850955794504182,0.020846682098765435,0.011875000000000002,0.0,0.0
061901,5,Ministère des ressources naturelles et des Forêts,54886.0,Pép. forest. & récolte de produits forestiers,Normandin,0.011947431302270013,0.1443,2021.0,2022.0,0.0,0.0,0.0,0.0,0.013971560846560847,0.01234567901234568,0.011947431302270013,0.011947431302270013,0.014688051146384478,0.005162944807552651,0.0,0.0
061901,6,CENTRE DE CONSERVATION DE LA BIODIVERSITÉ BORÉALE (CCBB) INC.,57227.0,Parcs d'attractions & jardins thématiques,Saint-Félicien,0.007033527479091996,0.0613958,2020.0,2024.0,0.0,0.0,0.0,0.0,0.0,0.005653472222222222,0.007033527479091996,0.007033527479091996,0.005653472222222222,0.0,0.0,0.0
061901,7,CENTRE DE CONSERVATION DE LA BIODIVERSITÉ BORÉALE (CCBB) INC.,70885.0,Parcs d'attractions & jardins thématiques,Saint-Félicien,0.006627912186379928,0.0862862,2020.0,2024.0,0.0,0.0,0.0,0.0,0.0064339157706093195,0.006629783950617285,0.006627912186379928,0.006511424731182795,0.006433950617283951,0.0,0.0,0.0
061901,8,CENTRE DE CONSERVATION DE LA BIODIVERSITÉ BORÉALE (CCBB) INC.,54888.0,Parcs d'attractions & jardins thématiques,Saint-Félicien,0.006199372759856631,0.0839258,2020.0,2024.0,0.0,0.0,0.0,0.0,0.005543055555555556,0.00619945987654321,0.006199372759856631,0.006199372759856631,0.00619945987654321,0.0048000000000000004,0.0032,0.0
061901,9,VILLE DE SAINT-FÉLICIEN,62530.0,Réseaux d'aqueduc & systèmes d'irrigation,Saint-Félicien,0.003898566308243727,0.08998401,2020.0,2024.0,0.0032498543906810035,0.0032640128968253967,0.0032119847670250895,0.0025620833333333337,0.0008298835125448028,0.0036203819444444443,0.003898566308243727,0.003559150985663082,0.003814097222222222,0.0010425963261648746,0.002787060185185185,0.002486598149178099
061901,10,Ministère des ressources naturelles et des Forêts,63404.0,Pép. forest. & récolte de produits forestiers,Normandin,0.00013534199522102747,0.0020215,2021.0,2022.0,5.5114638447971785e-06,5.787037037037037e-06,5.271834981979909e-06,0.00015782828282828281,0.00014548757207417796,0.0001398533950617284,0.00013534199522102747,0.00013534199522102747,6.588704505371173e-05,6.350164864657619e-05,8.01667468334135e-06,5.787037037037038e-06
061901,11,VILLE DE SAINT-FÉLICIEN,55479.0,Centres de ski,Saint-Félicien,0.0,0.00091156,2020.0,2024.0,0.0007688078703703703,0.0,0.0,0.0,0.0,0.0,0.0,0.0,0.0,0.0,0.0003707368827160494,0.0006565506021756021
061905,1,CENTRE DE CONSERVATION DE LA BIODIVERSITÉ BORÉALE (CCBB) INC.,57228.0,Parcs d'attractions & jardins thématiques,Saint-Félicien,0.05315785543608124,0.7100364,2020.0,2024.0,0.0,0.0,0.0,0.0,0.05315785543608124,0.05315787037037036,0.05315785543608124,0.05315785543608124,0.05315787037037036,0.0493287037037037,0.0,0.0
061905,2,CENTRE DE CONSERVATION DE LA BIODIVERSITÉ BORÉALE (CCBB) INC.,54712.0,Parcs d'attractions & jardins thématiques,Saint-Félicien,0.050799805854241334,0.667645,2020.0,2024.0,0.0,0.0,0.0,0.0,0.050799805854241334,0.05079984567901234,0.050799805854241334,0.050799805854241334,0.05079984567901234,0.045,0.0,0.0
061905,3,CENTRE DE CONSERVATION DE LA BIODIVERSITÉ BORÉALE (CCBB) INC.,57229.0,Parcs d'attractions & jardins thématiques,Saint-Félicien,0.020850955794504182,0.2622772,2020.0,2024.0,0.0,0.0,0.0,0.0,0.01663888888888889,0.020846682098765435,0.02046789127837515,0.020850955794504182,0.020846682098765435,0.011875000000000002,0.0,0.0
061905,4,CENTRE DE CONSERVATION DE LA BIODIVERSITÉ BORÉALE (CCBB) INC.,57227.0,Parcs d'attractions & jardins thématiques,Saint-Félicien,0.007033527479091996,0.0613958,2020.0,2024.0,0.0,0.0,0.0,0.0,0.0,0.005653472222222222,0.007033527479091996,0.007033527479091996,0.005653472222222222,0.0,0.0,0.0
061905,5,CENTRE DE CONSERVATION DE LA BIODIVERSITÉ BORÉALE (CCBB) INC.,70885.0,Parcs d'attractions & jardins thématiques,Saint-Félicien,0.006627912186379928,0.0862862,2020.0,2024.0,0.0,0.0,0.0,0.0,0.0064339157706093195,0.006629783950617285,0.006627912186379928,0.006511424731182795,0.006433950617283951,0.0,0.0,0.0
061905,6,CENTRE DE CONSERVATION DE LA BIODIVERSITÉ BORÉALE (CCBB) INC.,54888.0,Parcs d'attractions & jardins thématiques,Saint-Félicien,0.006199372759856631,0.0839258,2020.0,2024.0,0.0,0.0,0.0,0.0,0.005543055555555556,0.00619945987654321,0.006199372759856631,0.006199372759856631,0.00619945987654321,0.0048000000000000004,0.0032,0.0
061905,7,VILLE DE SAINT-FÉLICIEN,62530.0,Réseaux d'aqueduc & systèmes d'irrigation,Saint-Félicien,0.003898566308243727,0.08998401,2020.0,2024.0,0.0032498543906810035,0.0032640128968253967,0.0032119847670250895,0.0025620833333333337,0.0008298835125448028,0.0036203819444444443,0.003898566308243727,0.003559150985663082,0.003814097222222222,0.0010425963261648746,0.002787060185185185,0.002486598149178099
061905,8,VILLE DE SAINT-FÉLICIEN,55479.0,Centres de ski,Saint-Félicien,0.0,0.00091156,2020.0,2024.0,0.0007688078703703703,0.0,0.0,0.0,0.0,0.0,0.0,0.0,0.0,0.0,0.0003707368827160494,0.0006565506021756021
061906,1,CENTRE DE CONSERVATION DE LA BIODIVERSITÉ BORÉALE (CCBB) INC.,57228.0,Parcs d'attractions & jardins thématiques,Saint-Félicien,0.05315785543608124,0.7100364,2020.0,2024.0,0.0,0.0,0.0,0.0,0.05315785543608124,0.05315787037037036,0.05315785543608124,0.05315785543608124,0.05315787037037036,0.0493287037037037,0.0,0.0
061906,2,CENTRE DE CONSERVATION DE LA BIODIVERSITÉ BORÉALE (CCBB) INC.,54712.0,Parcs d'attractions & jardins thématiques,Saint-Félicien,0.050799805854241334,0.667645,2020.0,2024.0,0.0,0.0,0.0,0.0,0.050799805854241334,0.05079984567901234,0.050799805854241334,0.050799805854241334,0.05079984567901234,0.045,0.0,0.0
061906,3,CENTRE DE CONSERVATION DE LA BIODIVERSITÉ BORÉALE (CCBB) INC.,57229.0,Parcs d'attractions & jardins thématiques,Saint-Félicien,0.020850955794504182,0.2622772,2020.0,2024.0,0.0,0.0,0.0,0.0,0.01663888888888889,0.020846682098765435,0.02046789127837515,0.020850955794504182,0.020846682098765435,0.011875000000000002,0.0,0.0
061906,4,CENTRE DE CONSERVATION DE LA BIODIVERSITÉ BORÉALE (CCBB) INC.,57227.0,Parcs d'attractions & jardins thématiques,Saint-Félicien,0.007033527479091996,0.0613958,2020.0,2024.0,0.0,0.0,0.0,0.0,0.0,0.005653472222222222,0.007033527479091996,0.007033527479091996,0.005653472222222222,0.0,0.0,0.0
061906,5,CENTRE DE CONSERVATION DE LA BIODIVERSITÉ BORÉALE (CCBB) INC.,70885.0,Parcs d'attractions & jardins thématiques,Saint-Félicien,0.006627912186379928,0.0862862,2020.0,2024.0,0.0,0.0,0.0,0.0,0.0064339157706093195,0.006629783950617285,0.006627912186379928,0.006511424731182795,0.006433950617283951,0.0,0.0,0.0
061906,6,CENTRE DE CONSERVATION DE LA BIODIVERSITÉ BORÉALE (CCBB) INC.,54888.0,Parcs d'attractions & jardins thématiques,Saint-Félicien,0.006199372759856631,0.0839258,2020.0,2024.0,0.0,0.0,0.0,0.0,0.005543055555555556,0.00619945987654321,0.006199372759856631,0.006199372759856631,0.00619945987654321,0.0048000000000000004,0.0032,0.0
061906,7,VILLE DE SAINT-FÉLICIEN,62530.0,Réseaux d'aqueduc & systèmes d'irrigation,Saint-Félicien,0.003898566308243727,0.08998401,2020.0,2024.0,0.0032498543906810035,0.0032640128968253967,0.0032119847670250895,0.0025620833333333337,0.0008298835125448028,0.0036203819444444443,0.003898566308243727,0.003559150985663082,0.003814097222222222,0.0010425963261648746,0.002787060185185185,0.002486598149178099
061906,8,VILLE DE SAINT-FÉLICIEN,55479.0,Centres de ski,Saint-Félicien,0.0,0.00091156,2020.0,2024.0,0.0007688078703703703,0.0,0.0,0.0,0.0,0.0,0.0,0.0,0.0,0.0,0.0003707368827160494,0.0006565506021756021
061909,1,CENTRE DE CONSERVATION DE LA BIODIVERSITÉ BORÉALE (CCBB) INC.,57228.0,Parcs d'attractions & jardins thématiques,Saint-Félicien,0.05315785543608124,0.7100364,2020.0,2024.0,0.0,0.0,0.0,0.0,0.05315785543608124,0.05315787037037036,0.05315785543608124,0.05315785543608124,0.05315787037037036,0.0493287037037037,0.0,0.0
061909,2,CENTRE DE CONSERVATION DE LA BIODIVERSITÉ BORÉALE (CCBB) INC.,54712.0,Parcs d'attractions & jardins thématiques,Saint-Félicien,0.050799805854241334,0.667645,2020.0,2024.0,0.0,0.0,0.0,0.0,0.050799805854241334,0.05079984567901234,0.050799805854241334,0.050799805854241334,0.05079984567901234,0.045,0.0,0.0
061909,3,CENTRE DE CONSERVATION DE LA BIODIVERSITÉ BORÉALE (CCBB) INC.,57229.0,Parcs d'attractions & jardins thématiques,Saint-Félicien,0.020850955794504182,0.2622772,2020.0,2024.0,0.0,0.0,0.0,0.0,0.01663888888888889,0.020846682098765435,0.02046789127837515,0.020850955794504182,0.020846682098765435,0.011875000000000002,0.0,0.0
061909,4,CENTRE DE CONSERVATION DE LA BIODIVERSITÉ BORÉALE (CCBB) INC.,57227.0,Parcs d'attractions & jardins thématiques,Saint-Félicien,0.007033527479091996,0.0613958,2020.0,2024.0,0.0,0.0,0.0,0.0,0.0,0.005653472222222222,0.007033527479091996,0.007033527479091996,0.005653472222222222,0.0,0.0,0.0
061909,5,CENTRE DE CONSERVATION DE LA BIODIVERSITÉ BORÉALE (CCBB) INC.,70885.0,Parcs d'attractions & jardins thématiques,Saint-Félicien,0.006627912186379928,0.0862862,2020.0,2024.0,0.0,0.0,0.0,0.0,0.0064339157706093195,0.006629783950617285,0.006627912186379928,0.006511424731182795,0.006433950617283951,0.0,0.0,0.0
061909,6,CENTRE DE CONSERVATION DE LA BIODIVERSITÉ BORÉALE (CCBB) INC.,54888.0,Parcs d'attractions & jardins thématiques,Saint-Félicien,0.006199372759856631,0.0839258,2020.0,2024.0,0.0,0.0,0.0,0.0,0.005543055555555556,0.00619945987654321,0.006199372759856631,0.006199372759856631,0.00619945987654321,0.0048000000000000004,0.0032,0.0
061909,7,VILLE DE SAINT-FÉLICIEN,62530.0,Réseaux d'aqueduc & systèmes d'irrigation,Saint-Félicien,0.003898566308243727,0.08998401,2020.0,2024.0,0.0032498543906810035,0.0032640128968253967,0.0032119847670250895,0.0025620833333333337,0.0008298835125448028,0.0036203819444444443,0.003898566308243727,0.003559150985663082,0.003814097222222222,0.0010425963261648746,0.002787060185185185,0.002486598149178099
061909,8,VILLE DE SAINT-FÉLICIEN,55479.0,Centres de ski,Saint-Félicien,0.0,0.00091156,2020.0,2024.0,0.0007688078703703703,0.0,0.0,0.0,0.0,0.0,0.0,0.0,0.0,0.0,0.0003707368827160494,0.0006565506021756021
062002,1,MUNICIPALITÉ D'ALBANEL,51585.0,Réseaux d'aqueduc & systèmes d'irrigation,Albanel,0.0012453853046594983,0.03269343,2020.0,2024.0,0.0008854614695340502,0.000921528633004926,0.0009418346774193547,0.0009480555555555556,0.0011230286738351254,0.0012606365740740742,0.0012453853046594983,0.0011920362903225807,0.0010700000000000002,0.0009578629032258064,0.0009656597222222222,0.000915165770609319
062102,1,Ville de Dolbeau-Mistassini,49923.0,Réseaux d'aqueduc & systèmes d'irrigation,Dolbeau-Mistassini,0.008085696684587813,0.22628769,2020.0,2024.0,0.007252531362007169,0.007366386152162013,0.007301187275985663,0.006977083333333333,0.007070183691756273,0.0076165625,0.007301590501792114,0.008085696684587813,0.007292407407407407,0.006870564516129033,0.006514722222222222,0.006369847670250896
062102,2,Ville de Dolbeau-Mistassini,49907.0,Réseaux d'aqueduc & systèmes d'irrigation,Dolbeau-Mistassini,0.005313485663082438,0.12963609,2020.0,2024.0,0.003818167562724015,0.0039172298337438426,0.003889975358422939,0.003848043981481482,0.0042514224910394265,0.004782685185185186,0.004463732078853046,0.005313485663082438,0.0043479861111111115,0.00359942876344086,0.0035500694444444447,0.003484520609318996
062102,3,PF RÉSOLU CANADA INC.,45030.0,Scieries & préservation du bois,Girardville,0.0005170250896057348,0.013259688,2020.0,2024.0,0.00027479091995221024,0.00033162858055099437,0.00029308542413381125,0.000363966049382716,0.00048342293906810036,0.0004376543209876543,0.0005170250896057348,0.00048573775388291516,0.0007922839506172839,0.00032526881720430106,0.0003545524691358025,0.00038182795698924734
062114_01,1,Ville de Dolbeau-Mistassini,49907.0,Réseaux d'aqueduc & systèmes d'irrigation,Dolbeau-Mistassini,0.005313485663082438,0.12963609,2020.0,2024.0,0.003818167562724015,0.0039172298337438426,0.003889975358422939,0.003848043981481482,0.0042514224910394265,0.004782685185185186,0.004463732078853046,0.005313485663082438,0.0043479861111111115,0.00359942876344086,0.0035500694444444447,0.003484520609318996
062114_01,2,PF RÉSOLU CANADA INC.,45030.0,Scieries & préservation du bois,Girardville,0.0005170250896057348,0.013259688,2020.0,2024.0,0.00027479091995221024,0.00033162858055099437,0.00029308542413381125,0.000363966049382716,0.00048342293906810036,0.0004376543209876543,0.0005170250896057348,0.00048573775388291516,0.0007922839506172839,0.00032526881720430106,0.0003545524691358025,0.00038182795698924734
062701,1,MUNICIPALITÉ DE SAINT-DAVID-DE-FALARDEAU,51518.0,Réseaux d'aqueduc & systèmes d'irrigation,Saint-David-de-Falardeau,0.00040383064516129037,0.01556892,2020.0,2024.0,0.0006541106630824372,0.0006143793616584564,0.000655331541218638,0.0004645601851851852,0.0003956877240143369,0.000429525462962963,0.00040383064516129037,0.0003755712365591398,0.00038864583333333335,0.0004571012544802867,0.0004583680555555556,0.0006237343189964158
062803_02,1,Sacopan inc.,45818.0,Usines de panneaux de particules & de fibres,Sacré-Coeur,0.0012274012203447686,0.0404988,2020.0,2024.0,0.0013682929040791942,0.0015348048941798943,0.0014786439665471925,0.0012329530423280423,0.001189910820959208,0.0011912962962962962,0.001090252887295898,0.0012274012203447686,0.0014098765432098766,0.0011848571641918416,0.0011701950056116721,0.0016562873357228198
062803_02,2,Municipalité de Sacré-Coeur ,68723.0,Réseaux d'aqueduc & systèmes d'irrigation,Sacré-Coeur,0.0002560939366786141,0.008082684,2020.0,2024.0,0.00027883624551971326,0.00029787886562671046,0.0002722054211469534,0.0002581493055555556,0.00025495370370370374,0.00022361921296296295,0.0001992271505376344,0.0002560939366786141,0.00027167476851851853,0.00024078853046594978,0.0002400324074074074,0.00028520049283154125
062803_02,3,Boisaco inc.,68725.0,Réseaux d'aqueduc & systèmes d'irrigation,Sacré-Coeur,1.4993686868686868e-06,6.015e-05,2020.0,2020.0,4.298941798941799e-06,3.6458333333333333e-06,3.945707070707071e-06,3.5548941798941803e-06,1.8229166666666666e-06,1.5707671957671958e-06,1.4993686868686868e-06,1.4756944444444444e-06,2.1494708994708994e-06,2.48015873015873e-06,3.6375661375661373e-06,3.298611111111111e-06
070204_03_01,1,MUNICIPALITÉ DES ESCOUMINS,50322.0,Réseaux d'aqueduc & systèmes d'irrigation,Les Escoumins,0.0022072804659498207,0.06122325,2020.0,2024.0,0.0016330533154121861,0.0018039622673782156,0.002105779569892473,0.0020354166666666667,0.002040703405017921,0.0022755092592592592,0.0022072804659498207,0.0021350246415770607,0.0019996643518518523,0.0017475918458781364,0.0016042476851851853,0.0017043458781362008
072301,1,COMPAGNIE MINIÈRE IOC INC.,45566.0,Extraction de minerais de fer,Rivière-Nipissis,4.1816009557945046e-05,0.001243,2020.0,2021.0,4.050925925925926e-05,4.621077358146324e-05,3.322879330943847e-05,3.742283950617284e-05,4.592293906810036e-05,4.1087962962962965e-05,4.1816009557945046e-05,3.472222222222223e-05,4.533179012345679e-05,3.2482078853046595e-05,3.915895061728395e-05,3.472222222222222e-05
072302,1,COMPAGNIE MINIÈRE IOC INC.,45566.0,Extraction de minerais de fer,Rivière-Nipissis,4.1816009557945046e-05,0.001243,2020.0,2021.0,4.050925925925926e-05,4.621077358146324e-05,3.322879330943847e-05,3.742283950617284e-05,4.592293906810036e-05,4.1087962962962965e-05,4.1816009557945046e-05,3.472222222222223e-05,4.533179012345679e-05,3.2482078853046595e-05,3.915895061728395e-05,3.472222222222222e-05
080101,1,MINES AGNICO EAGLE LIMITÉE,46113.0,Extraction de minerais métalliques,Val-d'Or,0.07430350209080047,2.08316596,2020.0,2024.0,0.08864521356033453,0.08372391984811166,0.062325462962962964,0.042502608024691364,0.05684410842293906,0.055659174382716045,0.061338844086021506,0.07430350209080047,0.06922691358024691,0.05597949522102748,0.0705040200617284,0.072055256869773
080101,2,PF RÉSOLU CANADA INC.,44122.0,"Usines de pâte à papier, de papier & de carton",Amos,0.003010838726324555,0.11859416771038425,2020.0,2020.0,0.007061398837879441,0.007075671591813762,0.007116401619014184,0.005392929706551818,0.003204657592309675,0.002788539333164319,0.003010838726324555,0.0026409297210620384,0.0024831281018816375,0.0023858839293927746,0.0022022914154502192,0.0
080101,3,HECLA QUÉBEC INC.,71955.0,Extraction de minerais d'or & d'argent,Eeyou Istchee Baie-James,0.002610119773266325,0.018901,2020.0,2024.0,0.0,0.0,0.0,0.00043287037037037035,0.0031125579261544172,0.0028121966189674523,0.0020317624074742127,0.002610119773266325,0.0014510244966651378,0.0006068672839506172,0.00012037037037037037,0.0
080104,1,MINES AGNICO EAGLE LIMITÉE,46113.0,Extraction de minerais métalliques,Val-d'Or,0.07430350209080047,2.08316596,2020.0,2024.0,0.08864521356033453,0.08372391984811166,0.062325462962962964,0.042502608024691364,0.05684410842293906,0.055659174382716045,0.061338844086021506,0.07430350209080047,0.06922691358024691,0.05597949522102748,0.0705040200617284,0.072055256869773
080104,2,PF RÉSOLU CANADA INC.,44122.0,"Usines de pâte à papier, de papier & de carton",Amos,0.003010838726324555,0.11859416771038425,2020.0,2020.0,0.007061398837879441,0.007075671591813762,0.007116401619014184,0.005392929706551818,0.003204657592309675,0.002788539333164319,0.003010838726324555,0.0026409297210620384,0.0024831281018816375,0.0023858839293927746,0.0022022914154502192,0.0
080104,3,HECLA QUÉBEC INC.,71955.0,Extraction de minerais d'or & d'argent,Eeyou Istchee Baie-James,0.002610119773266325,0.018901,2020.0,2024.0,0.0,0.0,0.0,0.00043287037037037035,0.0031125579261544172,0.0028121966189674523,0.0020317624074742127,0.002610119773266325,0.0014510244966651378,0.0006068672839506172,0.00012037037037037037,0.0
080106,1,HECLA QUÉBEC INC.,71955.0,Extraction de minerais d'or & d'argent,Eeyou Istchee Baie-James,0.002610119773266325,0.018901,2020.0,2024.0,0.0,0.0,0.0,0.00043287037037037035,0.0031125579261544172,0.0028121966189674523,0.0020317624074742127,0.002610119773266325,0.0014510244966651378,0.0006068672839506172,0.00012037037037037037,0.0
080707,1,GLENCORE CANADA CORPORATION,55492.0,Extraction de minerais métalliques,Matagami,0.0870499755886599,3.4070173801733334,2020.0,2022.0,0.131302745402728,0.13289801587244573,0.1319968906461569,0.11468122506301441,0.1273932298847571,0.13238368072053203,0.08061031080246912,0.0870499755886599,0.08792505961291153,0.08692874398272599,0.09303499828060698,0.09371422288057547
080707,2,BonTerra Resources inc.,69571.0,Extraction de minerais d'or & d'argent,Senneterre,0.03642766203703704,0.13438,2020.0,2020.0,0.0,0.0,0.0,0.0,0.0,0.0,0.0,0.03642766203703704,0.024706404320987654,0.006582977207977208,0.0,0.0
080707,3,VILLE DE MATAGAMI,50229.0,Réseaux d'aqueduc & systèmes d'irrigation,Matagami,0.0009612007168458781,0.03055659,2020.0,2024.0,0.001018021953405018,0.0010239643199233717,0.0010072244623655915,0.0009468287037037037,0.0009489370519713263,0.0010004513888888888,0.0009278225806451613,0.0009612007168458781,0.0009684027777777778,0.000956978046594982,0.0009401273148148149,0.0009244399641577061
080707,4,PF RÉSOLU CANADA INC.,62501.0,Scieries & préservation du bois,Eeyou Istchee Baie-James,0.0006500815909996017,0.019042276,2020.0,2024.0,0.0007709214456391876,0.0007609793776226965,0.0006651022998805258,0.0006478828563411897,0.0005583027180406213,0.00032271604938271603,0.00046380002986857826,0.0006500815909996017,0.0006593626543209877,0.0008274301288615805,0.0006096057098765432,0.0005695318100358423
089907,1,INDUSTRIES NORBORD INC.,44123.0,Usines de panneaux de copeaux,La Sarre,0.001466830943847073,0.02157538,2020.0,2024.0,0.00020484617682198325,0.0003342290412333516,0.000491002090800478,0.00042512345679012343,0.0008804734169653523,0.0014404243827160494,0.001466830943847073,0.0006960648148148148,0.000622145061728395,0.0005866039426523298,0.0005729320987654321,0.00046014038231780165
089907,2,CLUB BEATTIE INC.,70297.0,Réseaux d'aqueduc & systèmes d'irrigation,La Sarre,0.00039567652329749103,0.0039306,2020.0,2024.0,2.2401433691756273e-08,2.4801587301587302e-08,2.2401433691756273e-08,2.3148148148148148e-08,0.00023993055555555557,0.00045184027777777773,0.00039567652329749103,0.00018649193548387098,0.0002131712962962963,1.7025089605734766e-06,3.4722222222222227e-08,3.3602150537634404e-08
089907,3,CLUB BEATTIE INC.,67081.0,Réseaux d'aqueduc & systèmes d'irrigation,La Sarre,2.6508363201911585e-06,4.215e-05,2020.0,2023.0,1.1574074074074074e-06,3.182870370370371e-06,2.426821983273596e-07,5.787037037037037e-07,1.4747610513739548e-06,1.3310185185185187e-06,2.46415770609319e-06,2.6508363201911585e-06,1.5432098765432098e-06,6.160394265232976e-07,4.6296296296296297e-07,4.666965352449223e-07
089907,4,Centre de plein-air du Mont Kanasuta inc.,46016.0,Centres de ski,Rouyn-Noranda,0.0,0.00540092825,2021.0,2024.0,0.0015237612985008818,0.0,0.0,0.0,0.0,0.0,0.0,0.0,0.0,0.0,0.002147334966104497,0.0028491639693896636
